is_offensive,text
Not_offensive,100 days pakka
not-Kannada,Super sir
not-Kannada,Hands up
Not_offensive,Sari nivu video na roast madi adre madvaga pubg atava free fire games hakondo madbedi a games kooda Chinese
Not_offensive,Krishana  shapa tatteleebeku
not-Kannada,Lifestyle super guru
Not_offensive,‡≤ï‡≤®‡≥ç‡≤®‡≤° ‡≤á‡≤µ‡≤§‡≥ç‡≤§‡≥Å ‡≤∞‡≤æ‡≤∑‡≥ç‡≤ü‡≥ç‡≤∞‡≥Ä‡≤Ø ‡≤Æ‡≤§‡≥ç‡≤§‡≥Å ‡≤Ö‡≤Ç‡≤§‡≤æ‡≤∞‡≤æ‡≤∑‡≥ç‡≤ü‡≥ç‡≤∞‡≥Ä‡≤Ø ‡≤Æ‡≤ü‡≥ç‡≤ü‡≤¶‡≤≤‡≥ç‡≤≤‡≤ø ‡≤π‡≥Ü‡≤∏‡≤∞‡≥Å ‡≤Æ‡≤æ‡≤°‡≥Å‡≤§‡≥ç‡≤§‡≤ø‡≤¶‡≥Ü ‡≤é‡≤Ç‡≤¶‡≤∞‡≥Ü ‡≤Ö‡≤¶‡≥Å ‡≤∞‡≤ï‡≥ç‡≤∑‡≤ø‡≤§‡≥ç ‡≤∂‡≥Ü‡≤ü‡≥ç‡≤ü‡≤ø ‡≤∞‡≤µ‡≤∞‡≤Ç‡≤§‡≤µ‡≤∞ ‡≤â‡≤§‡≥ç‡≤∏‡≥Å‡≤ï‡≤§‡≥Ü‡≤Ø‡≤ø‡≤Ç‡≤¶ ‡≤Æ‡≤æ‡≤§‡≥ç‡≤∞
Not_offensive,‡≤ï‡≥á‡≤≥‡≤ø ‡≤ï‡≤æ‡≤¶‡≤ø‡≤∞‡≥Å‡≤µ ‡≤≠‡≤æ‡≤Ç‡≤¶‡≤µ‡≤∞‡≥án‡≤≠‡≥Å‡≤µ‡≤ø‡≤Ø‡≤≤‡≥ç‡≤≤‡≤ø ‡≤Ö‡≤µ‡≤® ‡≤Ö‡≤∞‡≤ø‡≤§‡≤µ‡≤∞‡≥Ün‡≤Ø‡≤æ‡≤∞‡≤ø‡≤≤‡≥ç‡≤≤ ‡≤¨‡≤ø‡≤°‡≤ø ‡≤Æ‡≥Å‡≤®‡≥ç‡≤®‡≥Å‡≤°‡≤øn‡≤á‡≤¶‡≥ç‡≤¶‡≤∞‡≤¶‡≥ä‡≤Ç‡≤¶‡≥Å ‡≤¶‡≤Ç‡≤§ ‡≤ï‡≤•‡≥Ü...n‡≤®‡≤æ‡≤ï‡≥Å ‡≤¶‡≤ø‡≤ï‡≥ç‡≤ï‡≤ø‡≤®‡≤≤‡≥Å ‡≤¨‡≥á‡≤ï‡≤µ‡≤®‡≥Ån‡≤¨‡≤Ç‡≤¶‡≥Ç‡≤ï‡≥Å ‡≤π‡≤ø‡≤°‡≤ø‡≤¶ ‡≤Æ‡≤æ‡≤®‡≤µ‡≤®‡≥Ån‡≤§‡≤≤‡≥Ü ‡≤Æ‡≥á‡≤≤‡≤ø‡≤¶‡≥Ü ‡≤ï‡≤ø‡≤∞‡≥Ä‡≤ü...n‡≤§‡≥Ä‡≤∞ ‡≤π‡≤†...n‡≤ó‡≥Å‡≤∞‡≤ø ‡≤¨‡≥Ü‡≤®‡≥ç‡≤®‡≤ü‡≥ç‡≤ü‡≥ã ‡≤®‡≥á‡≤§‡≤æ‡≤∞‡≤®‡≥Å!n‡≤ó‡≤æ‡≤≥‡≤ø ‡≤Æ‡≤æ‡≤§‡≤ø‡≤® ‡≤¨‡≤ú‡≤æ‡≤∞‡≥Ån‡≤∏‡≥Å‡≤¶‡≥ç‡≤¶‡≤ø ‡≤∏‡≤æ‡≤∞‡≤ø‡≤¶‡≥Ü ‡≤∏‡≥Å‡≤Æ‡≤æ‡≤∞‡≥Ån‡≤™‡≤æ‡≤§‡≥ç‡≤∞‡≤¶ ‡≤™‡≤∞‡≤ø‡≤ö‡≤Ø ‡≤á‡≤∞‡≥ã‡≤∞‡≥Ån‡≤Ü ‡≤¨‡≤Ç‡≤¶‡≥Ç‡≤ï‡≤ø‡≤ó‡≥Ü ‡≤á‡≤¶‡≥Ü ‡≤ò‡≤® ‡≤π‡≥Ü‡≤∏‡≤∞‡≥Ån‡≤π‡≥ç‡≤Ø‡≤æ‡≤Ç‡≤°‡≥ç‡≤∏‡≥ç ‡≤Ö‡≤™‡≥ç...n‡≤Ö‡≤¶‡≥Å ‡≤Ö‡≤®‡≤µ‡≤∞‡≤§!n‡≤π‡≥ç‡≤Ø‡≤æ‡≤Ç‡≤°‡≥ç‡≤∏‡≥ç ‡≤Ö‡≤™‡≥ç...n‡≤®‡≤æ ‡≤Ö‡≤ú‡≥ç‡≤û‡≤æ‡≤§!n‡≤π‡≥ç‡≤Ø‡≤æ‡≤Ç‡≤°‡≥ç‡≤∏‡≥ç ‡≤Ö‡≤™‡≥ç...n‡≤á‡≤¶‡≥Ü ‡≤µ‡≥á‡≤¶‡≤æ‡≤Ç‡≤§..!n‡≤á‡≤¶‡≥Å ‡≤ö‡≤∞‡≤ø‡≤§‡≥ç‡≤∞‡≥Ü ‡≤∏‡≥É‡≤∑‡≥ç‡≤ü‡≤ø‡≤∏‡≥ã ‡≤Ö‡≤µ‡≤§‡≤æ‡≤∞...nn‡≤∞‡≤Ç‡≤ó‡≥á‡≤∞‡≤ø‡≤¶‡≥Ü ‡≤Æ‡≤æ‡≤Ø‡≤æ ‡≤ú‡≤æ‡≤≤n‡≤Ö‡≤®‡≥Å‡≤≠‡≤µ‡≤ø‡≤∏‡≥Å ‡≤ì ‡≤™‡≥ç‡≤∞‡≥á‡≤ï‡≥ç‡≤∑‡≤ï‡≤®‡≥á!n‡≤¶‡≥É‡≤∑‡≥ç‡≤ü‡≤ø ‡≤®‡≤®‡≥ç‡≤®‡≥ä‡≤¨‡≥ç‡≤¨‡≤® ‡≤Æ‡≥á‡≤≤‡≤ø‡≤°‡≤øn‡≤§‡≤™‡≥ç‡≤™‡≤¶‡≥Å ‡≤®‡≤ø‡≤ú ‡≤Æ‡≤®‡≤∞‡≤Ç‡≤ú‡≤®‡≥Ü!n‡≤®‡≤®‡≥ç‡≤® ‡≤ó‡≥Ü‡≤≤‡≥ç‡≤¨‡≥ã‡≤¶‡≥Å ‡≤Ö‡≤®‡≥ç‡≤®‡≥Å‡≤§n‡≤®‡≤ø‡≤Ç‡≤¶‡≤®‡≥Å ‡≤ì‡≤∞‡≥ç‡≤µ ‡≤∞‡≤æ‡≤ï‡≥ç‡≤∑‡≤∏!n‡≤§‡≤™‡≥ç‡≤™‡≤≤‡≥ç‡≤≤ ‡≤Ü‡≤¶‡≤∞‡≥Å ‡≤Ö‡≤¶‡≥Å‡≤µ‡≥án‡≤ä‡≤π‡≥Ü‡≤ó‡≥Ç ‡≤Æ‡≥Ä‡≤∞‡≤ø‡≤¶ ‡≤∏‡≤æ‡≤π‡≤∏!n‡≤Ö‡≤®‡≤ø‡≤∏‡≥Å‡≤§‡≥ç‡≤§‡≥Ü...n‡≤¨‡≤Ç‡≤¶ ‡≤π‡≤æ‡≤ó‡≤ø‡≤¶‡≥Ü ‡≤∞‡≤ö‡≤ø‡≤∏‡≤≤‡≥Å ‡≤π‡≥ä‡≤∏‡≤¶‡≥á ‡≤∂‡≤æ‡≤∏‡≤®!n‡≤Æ‡≥Ü‡≤∞‡≤Ø‡≤≤‡≤ø ‡≤ó‡≤ó‡≤®‡≤¶‡≤≤‡≤ø ‡≤®‡≤ø‡≤Æ‡≥ç‡≤Æ‡≤¶‡≥á ‡≤≤‡≤æ‡≤Ç‡≤õ‡≤®...n‡≤Ø‡≥Å‡≤ß‡≥ç‡≤ß ‡≤Æ‡≤æ‡≤°‡≤¨‡≥á‡≤ï‡≥Å
Not_offensive,sanjukuamar chatnale ƒüy
Not_offensive,Hindi song release madlilva?
Not_offensive,‡≤∂‡≤Ç‡≤ï‡≥ç‡≤∞‡≤£‡≥ç‡≤£ is back
Not_offensive,Trend setter! Awesome!
Not_offensive,Jeevana banda haage accept madtha sagtidira wish you good luck
Not_offensive,D. Boss abhimani kadeyinda
Not_offensive,Make avane srimanarayana part 2
Not_offensive,‡≤§‡≤ø‡≤™‡≥ç‡≤™‡≤® ‡≤ï‡≤•‡≥Ü ‡≤§‡≥Å‡≤Ç‡≤¨‡≤æ ‡≤ö‡≥Ü‡≤®‡≥ç‡≤®‡≤æ‡≤ó‡≤ø‡≤¶‡≥Ü  ‡≤Ö‡≤ï‡≥ç‡≤ï
Not_offensive,ASN releasing onnKannada Dec 27nTelugu  Jan 1stnTamil Jan 3rdnMalayalam Jan 3rdnHindi Jan 17
not-Kannada,Super song bro
not-Kannada,@SS Gaming ttbn nn n JknOoop
not-Kannada,It is vvvvvvvvvsuper
Offensive_Targeted_Insult_Group,Super movie sir.. ‡≤Ü‡≤¶‡≥ç‡≤∞‡≥Ü ‡≤¶‡≥Å‡≤∞‡≤Ç‡≤§ ‡≤®‡≤Æ‡≥ç‡≤Æ ‡≤™‡≥ç‡≤∞‡≥á‡≤ï‡≥ç‡≤∑‡≤ï prabhugalna namboduu.. really tumbaa bejaar aytu ‡≤¶‡≤ø‡≤Ø‡≤æ moviege e thara agiddu.. but prachaara kammi aytu anstide sir.. theatre inda movie hodmele saalu saalalli jana banduu keltidaare..
not-Kannada,BGM NYC  lyric
Not_offensive,D bosss fans kade inda all the best prajju
Not_offensive,Hands up yav pada pa
Offensive_Targeted_Insult_Individual,Beligge yeddhu bavige haarbekittu avaga kanasu nanasu agithithu
Not_offensive,super togari tippa
Not_offensive,@Creative Kannadiga tysm Anna....nivu comment madidakke...bt sry Anna...bcaz nan insta use madalla
not-Kannada,I love Rakshith
Not_offensive,‡≤¨‡≤æ ‡≤ó‡≥Å‡≤∞‡≥Å ‡≤π‡≥ã‡≤ó‡≤ø ‡≤¨‡≤∞‡≥ã‡≤£ ‡≤´‡≥Å‡≤≤‡≥ç ‡≤ï‡≤•‡≥Ü ‡≤ï‡≥á‡≤≥‡≥ç‡≤ï‡≥ä‡≤Ç‡≤°‡≥Å ‡≤¨‡≤∞‡≥ã‡≤£
not-Kannada,@manju c hha
Not_offensive,Editing yar guru ü§©
Not_offensive,Lo remake alla antha hekde tane
Offensive_Untargetede,Thu nem yogyathe ge maha vishnu hesaru ettu entha movie tegitira nachige agbeku nemge
Offensive_Targeted_Insult_Individual,@Nandi Parthasarathi ‡≤®‡≤ø‡≤®‡≥ç ‡≤Ö‡≤ï‡≥ç‡≤ï‡≥Å‡≤®‡≥ç
not-Kannada,Love you boss
Offensive_Targeted_Insult_Individual,Mast maga channel nalli baro anchor tharaane nimm voice idiyalla
not-Kannada,best song ever
Offensive_Targeted_Insult_Individual,@Nandi Parthasarathi tunnel unnu gandu
Offensive_Targeted_Insult_Group,‡≤á‡≤¨‡≥ç‡≤¨‡≤∞‡≥Å  ‡≤ï‡≤≥‡≥ç‡≤≥‡≤∞‡≥á
Offensive_Targeted_Insult_Other,Nanu yash sudeep darshan appu cinema bittu yardu nodalla
Not_offensive,KANNADA KAGI  LIKE ANU VATHi      n
Offensive_Targeted_Insult_Individual,@Nandi Parthasarathi ‡≤®‡≤Ç‡≤¶‡≤ø‡≤®‡≤ø ‡≤®‡≤Ç‡≤¶‡≤ø‡≤®‡≤ø ‡≤®‡≤ø‡≤®‡≥ç ‡≤§‡≥Å‡≤≤‡≥ç‡≤≤‡≥ç ‡≤ó‡≤≤‡≥Ä‡≤ú‡≥Å
Not_offensive,Howduu actually eee video nodakku munche Indaanu  nange ide reethi tumbaa saari hagu pade pade yeshto baari kansu beeltittu heege obbaa vyakti Shiva devastana hatra irtane naanu devastaaana dinda aache baruvaga nanna hatra idid bilpatre na keltane but duddu maatra eeskolala but hieght agirtare tanned skin tone forehead poorthi gaaya agirutte but full body ashtaag kansalli gottagallaa but ivatt eee video nodid mele mostly avre irbeku antha anstu
Offensive_Targeted_Insult_Individual,Binduge saryagi ugithidira good go ahead  we are enjoying well
Offensive_Targeted_Insult_Group,‡≤¨‡≥á‡≤µ‡≤∞‡≥ç‡≤∏‡≤ø ‡≤ö‡≥Ä‡≤®‡≤æ ‡≤®‡≤®‡≥ç‡≤® ‡≤Æ‡≤ï‡≥ç‡≤ï‡≤≥‡≥Å
not-Kannada,Osm bro osm
not-Kannada,Mmmgyhvb video ‚è≠
Offensive_Targeted_Insult_Individual,Histu hellidri adre nimma background video pubg du kudanu Chinese howrde alwa first ninu pubg na stop madinNinu heliddu nanu tappu andilla adre hobbarige helo munche nanu correct agirabeku  k manDon't feel bad anna
Not_offensive,Nam Bhashee Kannada nJai Karnataka Jai Kannada
not-Kannada,@Nanu wt do u think ?
not-Kannada,All d best from appu fans
not-Kannada,Woww 300k + likes
Offensive_Untargetede,Channag ugide bro
Not_offensive,Super  sog ng   super dance
Not_offensive,Karavali karavali... Itte boda marre?? Film super hit aagbeku. Bere statesnavru nammatha nodbeku aste...
Offensive_Targeted_Insult_Group,ODEYA movie ginta ee movie super annoru like madi...
Not_offensive,@Samyak H P ‡≤ñ‡≤Ç‡≤°‡≤ø‡≤§‡≤µ‡≤æ‡≤ó‡≤ø‡≤Ø‡≥Ç
Not_offensive,‡≤∏‡≥Ç‡≤™‡≤∞‡≥ç ‡≤∏‡≥Ç‡≤™‡≤∞‡≥ç ‡≤∏‡≥Ç‡≤™‡≤∞‡≥ç ‡≤´‡≥ç‡≤Ø‡≤æ‡≤®‡≥ç ‡≤Ü‡≤ó‡≥ã‡≤¶‡≥á bro ‡≤®‡≤ø‡≤Æ‡≤ó‡≥Ü
Offensive_Targeted_Insult_Individual,Nin naman sule Gandu boli dagar drashan
Not_offensive,‡≤∞‡≤æ‡≤Æ ‡≤∞‡≤æ‡≤Æ  ‡≤§‡≥Å‡≤∏‡≥Å  ‡≤ß‡≤ï‡≥ç‡≤∑  ‡≤µ‡≥É‡≤§  ‡≤ú‡≤æ‡≤∞‡≤ø‡≤™.  . .
Not_offensive,Kannadigaradavaru kelage like madi kannadabhimana torisi
not-Kannada,Diya is super ....movie
Not_offensive,Dboss fansnYboss fansnKboss fans
Not_offensive,‡≤ö‡≤Ç‡≤¶‡≤®‡≥ç ‡≤∂‡≥Ü‡≤ü‡≥ç‡≤ü‡≤ø ‡≤ü‡≥ç‡≤∞‡≥ä‡≤≤‡≥ç ‡≤µ‡≤ø‡≤°‡≤ø‡≤Ø‡≥ã ‡≤®‡≥Ä‡≤µ‡≥Å ‡≤®‡≥ã‡≤°‡≤ø ‡≤®‡≥Ü‡≤ó‡≤°‡≥ç‡≤°‡≥Ü ‡≤á‡≤¶‡≥ç‡≤∞‡≥Ü ‡≤®‡≤æ‡≤µ‡≥ç ‡≤ó‡≥ç‡≤Ø‡≤æ‡≤∞‡≤Ç‡≤ü‡≤ø
Not_offensive,D boss  fans sapot iratte 100day
not-Kannada,He need break..
Not_offensive,‡≤ï‡≤®‡≥ç‡≤®‡≤° ‡≤®‡≤æ‡≤°‡≤ø‡≤® ‡≤π‡≥Ü‡≤Æ‡≥ç‡≤Æ‡≥Ü‡≤Ø ‡≤ö‡≤ø‡≤§‡≥ç‡≤∞
Offensive_Targeted_Insult_Individual,‡≤∞‡≥Ä ‡≤®‡≤ø‡≤Æ‡≥ç‡≤Æ ‡≤§‡≤Ç‡≤¶‡≥Ü‡≤Ø‡≤®‡≥ç‡≤®‡≥Å ‡≤®‡≥Ü‡≤®‡≥Ü‡≤¶‡≥Å ‡≤®‡≥Ä‡≤µ‡≥Å ‡≤Æ‡≥ä‡≤∏‡≤≥‡≥Ü ‡≤ï‡≤£‡≥ç‡≤£‡≥Ä‡≤∞‡≥Å ‡≤π‡≤æ‡≤ï‡≥Å‡≤§‡≥ç‡≤§‡≥Ä‡≤∞‡≤æ
Not_offensive,In ond trip nodbeku but but sinama chenge madbittru olle movi ge olle respans illa Nam karnatakadalli
Not_offensive,36 M nVideo viral agthila
not-Kannada,@Prajwal Kp r u mad guy?.
not-Kannada,Amazing film.. .. .. .. .. .. .. .
Not_offensive,‡≤µ‡≤ø‡≤≠‡≤ø‡≤®‡≥ç‡≤® ‡≤π‡≤æ‡≤°‡≥Å...n‡≤Ö‡≤¶‡≥ç‡≤≠‡≥Å‡≤§ ‡≤µ‡≤æ‡≤ó‡≤ø‡≤¶‡≥Ü ‡≤∂‡≥á‡≤ü‡≥ç‡≤∞‡≥Ü
not-Kannada,Give me ur mail address
not-Kannada,Tqsm bro
Offensive_Targeted_Insult_Individual,Bindu  lowda smartphones laptop kelvu brand chinade agidru nav use madtha erodakke already tax kattidivi en  munde kattod beda antha heltha erodu
Not_offensive,Making r awesome bro..avlge Ennu usbeku
Not_offensive,Hi nan nim vedios nodthini thumba funny agi roast madthira
Not_offensive,‡≤§‡≥Å‡≤Ç‡≤¨‡≤æ ‡≤í‡≤≥‡≥ç‡≤≥‡≥Ü‡≤Ø ‡≤Æ‡≤æ‡≤π‡≤ø‡≤§‡≤ø ‡≤®‡≥Ä‡≤°‡≤ø‡≤¶‡≥ç‡≤¶‡≥Ä‡≤∞‡≤ø ‡≤∏‡≤∞‡≥ç ‡≤ß‡≤®‡≥ç‡≤Ø‡≤µ‡≤æ‡≤¶‡≤ó‡≤≥‡≥Å ‡≤®‡≤ø‡≤Æ‡≤ó‡≥Ü
Not_offensive,Film benki ide gurunKannada film industry li ide Tara saviraru cinema barli
Offensive_Untargetede,Cc camera footage thegiri ..avratra keli Mahabharata story
Not_offensive,@Saathwik H R aadru avrige loss illa bron production house avru cleanaagi agreement maadkobeku alvaaa brooooo.....
not-Kannada,Good job team
not-Kannada,slum dialogue pogaru
Not_offensive,Abbbbaa super tik tok ban ayithu
Not_offensive,MY BOSS ANNA  YASH BOSS ANNA  YASH BOSS ANNA
Not_offensive,Mam osm mam ninu
Offensive_Untargetede,Main theater ella huduki sakagi hoythu
Not_offensive,‡≤§‡≥Å‡≤Ç‡≤¨‡≤æ ‡≤í‡≤≥‡≥ç‡≤≥‡≥Ü ‡≤∏‡≤ø‡≤®‡≥Ü‡≤Æ‡≤æ.. Best movie of 2020 in kannada
Not_offensive,January Alli song keloru like madi
Not_offensive,‡≤∏‡≥Å‡≤¶‡≥ç‡≤¶‡≤ø ‡≤Æ‡≤æ‡≤°‡≥Å‡≤µ ‡≤Æ‡≤æ‡≤¶‡≤ï ‡≤π‡≤æ‡≤°‡≥Å ‡≤ï‡≥á‡≤≥‡≤ø‡≤∞‡≤ø ‡≤é‡≤≤‡≥ç‡≤≤‡≤∞‡≥Å ......HANDS UP
Not_offensive,Sir ‡≤á‡≤¶‡≤Ç‡≤§‡≥Ç ‡≤¶‡≥ä‡≤°‡≥ç‡≤° ‡≤™‡≥ç‡≤∞‡≤Ø‡≤§‡≥ç‡≤® ‡≤µ‡≤æ‡≤ó‡≤ø‡≤¶‡≥Ü . ‡≤®‡≤Æ‡≥ç‡≤Æ ‡≤ú‡≤®‡≤∞‡≤≤‡≥ç‡≤≤‡≤ø ‡≤™‡≥ç‡≤∞‡≤æ‡≤Ø‡≥ã‡≤ó‡≤ø‡≤ï ‡≤Æ‡≤®‡≥ã‡≤≠‡≤æ‡≤µ‡≤®‡≥Ü ‡≤Æ‡≥Ç‡≤°‡≤ø‡≤∏‡≥Å‡≤µ ‡≤Æ‡≤§‡≥ç‡≤§‡≥Å ‡≤®‡≤Æ‡≥ç‡≤Æ ‡≤¶‡≥á‡≤∂‡≤¶  ‡≤ú‡≤®‡≤∞ ‡≤®‡≥ã‡≤®‡≥ã‡≤¨‡≤®‡≥Ü ‡≤¨‡≤ó‡≥ç‡≤ó‡≥Ü ‡≤§‡≥Å‡≤Ç‡≤¨‡≤æ ‡≤ö‡≥Ü‡≤®‡≥ç‡≤®‡≤æ‡≤ó‡≤ø ‡≤π‡≥á‡≤≥‡≤ø‡≤¶‡≥ç‡≤¶‡≥Ä‡≤∞‡≤ø ‡≤á‡≤Ç‡≤§ ‡≤™‡≥ç‡≤∞‡≤Ø‡≤§‡≥ç‡≤® ‡≤ó‡≤≥‡≤ø‡≤Ç‡≤¶ ‡≤®‡≤Æ‡≥ç‡≤Æ ‡≤§‡≤™‡≥ç‡≤™‡≥Å‡≤ó‡≤≥ ‡≤π‡≤∞‡≤ø‡≤µ‡≥Å ‡≤Ü‡≤ó‡≥Å‡≤¶‡≥Å ‡≤Æ‡≤§‡≥ç‡≤§‡≥Ü ‡≤¨‡≤¶‡≤≤‡≤æ‡≤µ‡≤£‡≥Ü‡≤ó‡≥Ç ‡≤∏‡≤¶‡≥ç‡≤Ø ‡≤µ‡≤æ‡≤ó‡≥Å‡≤§‡≥ç‡≤§‡≥á ‡≤¶‡≤Ø‡≤µ‡≤ø‡≤ü‡≥ç‡≤ü‡≥Å ‡≤á‡≤¶‡≥á ‡≤§‡≤∞‡≤π‡≤¶ ‡≤á‡≤®‡≥Å ‡≤π‡≥Ü‡≤ö‡≥ç‡≤ö‡≤ø‡≤® ‡≤µ‡≥Ä‡≤°‡≤ø‡≤Ø‡≥ã ‡≤ó‡≤≥ ‡≤Ö‡≤µ‡≤∂‡≥ç‡≤Ø‡≤ï‡≤§‡≥Ü ‡≤á‡≤¶‡≥á. ‡≤®‡≤ø‡≤Æ‡≥ç‡≤Æ ‡≤í‡≤Ç‡≤¶‡≥Å ‡≤µ‡≤æ‡≤π‡≤ø‡≤®‡≤ø‡≤Ø ‡≤Æ‡≥Ç‡≤≤‡≤ï ‡≤ú‡≤®‡≤∞ ‡≤§‡≤™‡≥ç‡≤™‡≥Å ‡≤π‡≤∞‡≤ø‡≤µ‡≥Å ‡≤Ü‡≤ó‡≤¨‡≥á‡≤ï‡≥Å....n‡≤®‡≤®‡≥ç‡≤® ‡≤Æ‡≥Ç‡≤≤‡≤ï ‡≤®‡≤ø‡≤Æ‡≥ç‡≤Æ ‡≤™‡≥ç‡≤∞‡≤Ø‡≤§‡≥ç‡≤®‡≤ï‡≥ç‡≤ï‡≥Ü ‡≤π‡≥É‡≤¶‡≤Ø ‡≤™‡≥Ç‡≤∞‡≤ï ‡≤ß‡≤®‡≥ç‡≤Ø‡≤µ‡≤æ‡≤¶‡≤ó‡≤≥‡≥Å .
not-Kannada,Jai appu sir
Offensive_Targeted_Insult_Group,Osm bro ü§£ü§£ü§£tiktok shok madutidru avayalla ü§£ü§£ü§£ü§£ü§£
Offensive_Targeted_Insult_Individual,@Nandi Parthasarathi ‡≤π ‡≤®‡≥Ä‡≤®‡≥Å ‡≤Æ‡≥Å‡≤Ç‡≤°‡≥Ü ‡≤® ‡≤é‡≤≤‡≥ç‡≤≤‡≤æ ‡≤Æ‡≥Å‡≤Ç‡≤°‡≥Ü‡≤ó‡≤Ç‡≤°‡≤æ ‡≤® ..?  I still confused
Offensive_Untargetede,It's amazing movie.  I think promotion sari agilla anta anista ide
Not_offensive,‡≤∏‡≥Ç‡≤™‡≤∞‡≥ç ‡≤ó‡≥Å‡≤∞‡≥Å vp voice ultimate
Not_offensive,‡≤®‡≥Ä‡≤µ‡≥Å ‡≤π‡≥á‡≤≥‡≤ø‡≤¶‡≥ç‡≤¶‡≤∞‡≤≤‡≥ç‡≤≤‡≤ø ‡≤é‡≤®‡≥Ç ‡≤§‡≤™‡≥ç‡≤™‡≤ø‡≤≤‡≥ç‡≤≤ ...
Not_offensive,Suuper bro... nan idu vargu tik tok app install made illa
Not_offensive,Ee haadu Spotify dalli yaake illa
Offensive_Untargetede,‡≤¶‡≤ø‡≤Ø‡≤æ ‡≤Æ‡≤§‡≥ç‡≤§‡≥Å ‡≤≤‡≤µ‡≥ç ‡≤Æ‡≤æ‡≤ï‡≤ü‡≥Ü‡≤≤ ‡≤ö‡≤ø‡≤§‡≥ç‡≤∞‡≤¶ ‡≤¨‡≤ó‡≥ç‡≤ó‡≥Ü ‡≤™‡≥ç‡≤∞‡≤ö‡≤æ‡≤∞ ‡≤ï‡≤Æ‡≥ç‡≤Æ‡≤ø ‡≤Ü‡≤ó‡≤ø‡≤¶‡≥Ü
Not_offensive,NIV helthiro Hela Mathu 100% sathya Anna
not-Kannada,Super movie especially last 30 mins
Not_offensive,Hwdu guru alredy 30 sala nodidini
Not_offensive,Tik tok banu nan kicha Sudeep fanu egide  comment madi
Offensive_Untargetede,Yavd yavd movie ge hogi dud kharch madidvi...bejaragi hogad bittivi...dia movie mobile li nodid mele theater nali nodbeku anstide...
Not_offensive,Hela Kannada people please go and watch the movieee avana Sri man Narayana Kannada cinema nodi ü§óKannada jai Karnataka mathee
not-Kannada,Super Rakshit sir super super song super
Offensive_Untargetede,‡≤¶‡≥á‡≤∂‡≤ï‡≥ç‡≤ï‡≥ã‡≤∏‡≥ç‡≤ï‡≤∞ ‡≤í‡≤Ç‡≤¶‡≥Å app uninstall ‡≤Æ‡≤æ‡≤°‡≥ä‡≤ï‡≥Ü ‡≤Ü‡≤ó‡≤≤‡≥ç‡≤≤ ‡≤á‡≤µ‡≤∞‡≤ø‡≤ó‡≥Ü ‡≤•‡≥Ç ‡≤á‡≤µ‡≤∞ ‡≤ú‡≤®‡≥ç‡≤Æ‡≤ï‡≥ç‡≤ï‡≥Ü
not-Kannada,Wonderful movie love you DIA movie
not-Kannada,Superb new avatar
Offensive_Targeted_Insult_Individual,Views struck aagide guru
Not_offensive,Tik tok ban agirodike Nange Tumba Tumba Kushi ide happy ü•∞
not-Kannada,Boss vere levelü§ó
Not_offensive,Nanu nodide suuuuuuuuuupppper innomme nodtini
Not_offensive,Just Woww  Super Prajju  anna!! Gud luck
Offensive_Targeted_Insult_Other,‡≤Æ‡≥ä‡≤¨‡≥à‡≤≤‡≤≤‡≥ç‡≤≤‡≤ø ‡≤Ö‡≤∑‡≥ç‡≤ü‡≥ä‡≤Ç‡≤¶‡≥ç ‡≤í‡≤≥‡≥ç‡≤≥‡≥á ‡≤ï‡≥ç‡≤≤‡≤æ‡≤∞‡≤ø‡≤ü‡≤ø‡≤≤‡≤ø ‡≤¨‡≤ø‡≤ü‡≥ç‡≤ü‡≤ø‡≤¶‡≥ç‡≤¶‡≤æ‡≤∞‡≥Ü. ‡≤é‡≤≤‡≥ç‡≤∞‡≥Ç ‡≤°‡≥å‡≤®‡≥ç‚Äå‡≤≤‡≥ã‡≤°‡≥ç ‡≤Æ‡≤æ‡≤°‡≥ç‡≤ï‡≥ä‡≤Ç‡≤°‡≥ç ‡≤®‡≥ã‡≤°‡≥ç‡≤§‡≤ø‡≤¶‡≤æ‡≤∞‡≥Ü. ‡≤•‡≤ø‡≤Ø‡≥á‡≤ü‡≤∞‡≤ø‡≤ó‡≥Ü ‡≤ú‡≤® ‡≤¨‡≤∞‡≤¶‡≥á ‡≤á‡≤∞‡≤≤‡≥Å ‡≤ï‡≤æ‡≤∞‡≤£ ‡≤Æ‡≥ä‡≤¨‡≥à‡≤≤‡≤≤‡≥ç‡≤≤‡≤ø ‡≤≤‡≥Ä‡≤ï‡≥ç ‡≤Ü‡≤ó‡≤ø‡≤∞‡≥ã‡≤¶‡≥Å.
not-Kannada,Love from Hindi lover
Not_offensive,Super bro i am happy tik tok ban agidu super our modi ji super hero
Offensive_Untargetede,hadu tubna hucu hedseda
Not_offensive,‡≤™‡≤ú‡≥ç‡≤ú‡≥Å ‡≤∏‡≤∞‡≥ç ‡≤ó‡≥Ü ‡≤í‡≤≥‡≥ç‡≤≥‡≥Ü ‡≤∏‡≤ï‡≥ç‡≤∏‡≤∏‡≥ç ‡≤∏‡≤ø‡≤ó‡≥ç‡≤≤‡≤ø  ‡≤§‡≥Å‡≤Ç‡≤¨‡≤æ ‡≤ö‡≤®‡≥ç‡≤®‡≤æ‡≤ó‡≤ø‡≤¶‡≥Ü ‡≤ü‡≥ç‡≤∞‡≥à‡≤≤‡≤∞‡≥ç
Not_offensive,Song super annuru hands up madi
Not_offensive,Avane shriman narayan movie paka 100 days
Not_offensive,Enta matu super
Not_offensive,Like father like son Jaga mechchuvanta manushya.
Not_offensive,‡≤ï‡≤Ç‡≤ö‡≤ø‡≤® ‡≤ï‡≤Ç‡≤†‡≤¶‡≤≤‡≥ç‡≤≤‡≤ø ‡≤Æ‡≥Ç‡≤°‡≤ø ‡≤¨‡≤Ç‡≤¶ ‡≤§‡≥ä‡≤ó‡≤∞‡≤ø‡≤§‡≤ø‡≤™‡≥ç‡≤™ ‡≤π‡≤≥‡≥á ‡≤®‡≥Ü‡≤®‡≤™‡≥Å ‡≤§‡≤æ‡≤ú‡≤æ ‡≤Æ‡≤æ‡≤°‡≤ø‡≤§‡≥Å
Not_offensive,‡≤è‡≤®‡≥Ü‚Äå ‡≤Ü‡≤ó‡≤≤‡≤ø ‡≤Æ‡≥Å‡≤Ç‡≤¶‡≥Ü ‡≤∏‡≤æ‡≤ó‡≥Å ‡≤®‡≤ø
Not_offensive,Hands up  ‡≤∞‡≤ï‡≥ç‡≤∑‡≤ø‡≤§‡≥ç ‡≤∂‡≥Ü‡≤ü‡≥ç‡≤ü‡≤ø fans
Offensive_Targeted_Insult_Other,Super sir
Not_offensive,‡≤®‡≤ø‡≤Æ‡≥ç‡≤Æ ‡≤ú‡≥Ä‡≤µ‡≤® ‡≤á‡≤®‡≥ç‡≤®‡≥Ç ‡≤ö‡≥Ü‡≤®‡≥ç‡≤®‡≤æ‡≤ó‡≤ø ‡≤á‡≤∞‡≤≤‡≤ø
Not_offensive,‡≤ú‡≥à ‡≤ï‡≤®‡≥ç‡≤®‡≤°
Not_offensive,‡≤∂‡≤Ç‡≤≠‡≥Å ‡≤¨‡≤≥‡≥Ü‡≤ó‡≤æ‡≤∞ ‡≤∏‡≤∞‡≥ç ‡≤ó‡≥Ü ‡≤§‡≥Å‡≤Ç‡≤¨‡≤æ ‡≤¶‡≤®‡≥ç‡≤Ø‡≤µ‡≤æ‡≤¶‡≤ó‡≤≥‡≥Å
Offensive_Targeted_Insult_Group,‡≤ï‡≤®‡≥ç‡≤®‡≤° ‡≤í‡≤Ç‡≤¶‡≥á ‡≤≠‡≤æ‡≤∑‡≥Ü‡≤Ø‡≤≤‡≥ç‡≤≤‡≤ø ‡≤¨‡≤ï‡≥Ü‡≤ü‡≥ç‡≤¶‡≥Å ‡≤ï‡≥Ü‡≤ú‡≤ø‡≤é‡≤´‡≥ç ‡≤∞‡≤ø‡≤≤‡≥Ä‡≤∏‡≥ç ‡≤Æ‡≤æ‡≤°‡≤ø‡≤¶‡≥ç‡≤∞‡≥Ü 100 ‡≤ï‡≥ã‡≤ü‡≤ø ‡≤Ö‡≤Ç‡≤§ ‡≤™‡≥Å‡≤Ç‡≤ó‡≤ø‡≤∏‡≥ã‡≤ï‡≥Ü ‡≤Ü‡≤ó‡≤≤‡≥ç‡≤≤ ‡≤Ö‡≤Ç‡≤§ ‡≤™‡≤æ‡≤®‡≥ç ‡≤á‡≤Ç‡≤°‡≤ø‡≤Ø‡≤æ ‡≤Ö‡≤Ç‡≤§ ‡≤Æ‡≤æ‡≤°‡≤ø‡≤¶‡≥ç‡≤∞‡≥Å ‡≤π‡≤æ‡≤ó‡≥Ü ‡≤ï‡≤®‡≥ç‡≤®‡≤° ‡≤í‡≤Ç‡≤¶‡≥á ‡≤≠‡≤æ‡≤∑‡≥Ü‡≤Ø‡≤≤‡≥ç‡≤≤‡≤ø ‡≤∞‡≤ø‡≤≤‡≥Ä‡≤∏‡≥ç ‡≤Æ‡≤æ‡≤°‡≤ø‡≤¶‡≥ç‡≤∞‡≥Ü ‡≤™‡≥ç‡≤≤‡≤æ‡≤™‡≥ç ‡≤Ü‡≤¶‡≥ç‡≤∞‡≥Ü ‡≤π‡≤ø‡≤ü‡≥ç ‡≤Ö‡≤Ç‡≤§ ‡≤π‡≥á‡≤≥‡≥ç‡≤∏‡≥ã‡≤ï‡≥Ü ‡≤Ü‡≤ó‡≤≤‡≥ç‡≤≤ ‡≤Ö‡≤Ç‡≤§ ‡≤™‡≤æ‡≤®‡≥ç ‡≤á‡≤Ç‡≤°‡≤ø‡≤Ø‡≤æ ‡≤Æ‡≤æ‡≤°‡≤ø 250 ‡≤ï‡≥ã‡≤ü‡≤ø ‡≤Ö‡≤Ç‡≤§ ‡≤™‡≥Å‡≤Ç‡≤ó‡≤ø ‡≤¨‡≤ø‡≤ü‡≥ç‡≤∞‡≥Å ‡≤Ü‡≤¶‡≥ç‡≤∞‡≥Ü ‡≤¨‡≤ï‡≥Ü‡≤ü‡≥ç ‡≤Æ‡≥Ç‡≤µ‡≤ø ‡≤¨‡≤°‡≥ç‡≤ú‡≥Ü‡≤ü‡≥ç ‡≤è‡≤∞‡≤ø‡≤≤‡≥ç‡≤≤ ‡≤∞‡≥Ü‡≤Æ‡≥ç‡≤Ø‡≥Å‡≤®‡≥Ü‡≤∞‡≥Ü‡≤∑‡≤®‡≥ç ‡≤è‡≤∞‡≤ø‡≤≤‡≥ç‡≤≤ ‡≤à‡≤ó ‡≤Ö‡≤¶‡≥á ‡≤¨‡≤ï‡≥Ü‡≤ü‡≥ç ‡≤´‡≤æ‡≤∞‡≥ç‡≤Æ‡≥Å‡≤≤‡≤æ ‡≤∞‡≤ï‡≥ç‡≤∑‡≤ø‡≤§‡≥ç ‡≤π‡≤ø‡≤°‡≤ø‡≤§‡≤µ‡≥ç‡≤®‡≥Ü ‡≤Ü‡≤¶‡≥ç‡≤∞‡≥Ü ‡≤à ‡≤Æ‡≤Ç‡≤ó ‡≤Æ‡≥Å‡≤Ç‡≤°‡≥á‡≤µ‡≥Å ‡≤è‡≤®‡≥á ‡≤∏‡≤∞‡≥ç‡≤ï‡≤∏‡≥ç ‡≤Æ‡≤æ‡≤°‡≤ø‡≤¶‡≥ç‡≤∞‡≥Å ‡≤™‡≥Å‡≤Ç‡≤ó‡≤ø ‡≤¨‡≤ø‡≤ü‡≥ç‡≤∞‡≥Å ‡≤™‡≥ç‡≤∞‡≥ä‡≤°‡≥ç‡≤Ø‡≥Å‡≤∏‡≤∞‡≥ç ‡≤Ø‡≤æ‡≤µ‡≤®‡≥ç ‡≤á‡≤µ‡≥ç‡≤∞‡≥Å ‡≤π‡≤§‡≥ç‡≤§‡≤ø‡≤∞ ‡≤¨‡≤∞‡≤≤‡≥ç‡≤≤ ‡≤¨‡≤ø‡≤°‡≥ç‡≤∞‡≥ã ‡≤Ö‡≤¶‡≥á ‡≤≤‡≥ã ‡≤¨‡≤°‡≥ç‡≤ú‡≥Ü‡≤ü‡≥ç ‡≤™‡≥ç‡≤∞‡≥ä‡≤°‡≥ç‡≤Ø‡≥Å‡≤∏‡≤∞‡≥ç ‡≤¨‡≤∞‡≥ç‡≤¨‡≥á‡≤ï‡≥Å ‡≤Ö‡≤∑‡≥ç‡≤ü‡≥á
Not_offensive,Pop corn monkey tiger kuda super idr
Offensive_Untargetede,@BAD BOY yappa Modlu Arta ago Tara type maadu
Not_offensive,@jagadish g dambal
not-Kannada,Only guru randhawa
Not_offensive,Karnataka janeteinda all the best movie ge olledagaliü•∞ü•∞
Offensive_Targeted_Insult_Individual,Karnatakakke bandaddela sullu swami swalpa reel biduvaga alochane maadi bidu
Not_offensive,Anna song Super agi helidira sakath agi ide songdabbaaaaa Tiktok
Not_offensive,Dada fans    ‡≤ï‡≤°‡≥Ü‡≤Ø‡≤ø‡≤Ç‡≤¶  ‡≤Ö‡≤≤‡≥ç‡≤≤ ‡≤¶  ‡≤¨‡≥Ü‡≤∏‡≥ç‡≤ü‡≥ç
Not_offensive,Nija Film ast channagidya nanu nodide nange kandita arta agle Illa
Not_offensive,‡≤∞‡≤∂‡≥ç‡≤Æ‡≤ø‡≤ï‡≤æ ‡≤Æ‡≤¶‡≤® ‡≤°‡≤ó‡≤æ‡≤∞‡≥ç
Not_offensive,Hindi.  ?
Not_offensive,Super Anna Jai D boss
Not_offensive,‡≤®‡≤®‡≥ç‡≤® ‡≤ï‡≤£‡≥ç‡≤£‡≤Ç‡≤ö‡≥ç‡≤ö‡≤≤‡≤ø ‡≤®‡≥Ä‡≤∞‡≥Å ‡≤¨‡≤Ç‡≤§‡≥Å..Sir ur great
Not_offensive,idu charitre srushtiso avatara...rakshith shetty fans like here
Not_offensive,Nammantavrge spoorti nivu sir
Not_offensive,Binduge saryagi ugithidira good go ahead  we are enjoying well
Not_offensive,‡≤®‡≤æ‡≤®‡≥Å ‡≤∏‡≥Å‡≤Æ‡≤æ‡≤∞‡≥Å ‡≤à ‡≤π‡≤æ‡≤°‡≤®‡≥ç‡≤®‡≥Å ‡≤π‡≤¶‡≤ø‡≤®‡≥à‡≤¶‡≥Å ‡≤¨‡≤æ‡≤∞‡≤ø ‡≤®‡≥ã‡≤°‡≤ø‡≤¶‡≥ç‡≤¶‡≥á‡≤®‡≥Ü ‡≤Ø‡≤æ‡≤ï‡≥Ü ‡≤ó‡≥ä‡≤§‡≥ç‡≤§‡≤ø‡≤≤‡≥ç‡≤≤ ‡≤á‡≤®‡≥ç‡≤®‡≥Å ‡≤®‡≥ã‡≤°‡≤¨‡≥á‡≤ï‡≥Å ‡≤®‡≥ã‡≤°‡≤¨‡≥á‡≤ï‡≥Å ‡≤Ö‡≤®‡≤ø‡≤∏‡≥Å‡≤§‡≥ç‡≤§‡≤¶‡≥Ü... ‡≤Ö‡≤¶‡≥á‡≤§‡≤∞ ‡≤í‡≤Ç‡≤¶‡≤ï‡≥ç‡≤ï‡≤ø‡≤Ç‡≤§ ‡≤π‡≥Ü‡≤ö‡≥ç‡≤ö‡≥Å ‡≤¨‡≤æ‡≤∞‡≤ø ‡≤®‡≥ã‡≤°‡≥Å‡≤§‡≥ç‡≤§‡≤≤‡≥á ‡≤á‡≤∞‡≥Å‡≤µ‡≤µ‡≤∞‡≥Å ‡≤≤‡≥à‡≤ï‡≥ç ‡≤Æ‡≤æ‡≤°‡≤ø
not-Kannada,Mast movie
Offensive_Untargetede,ningappa hutagannavar the best way is 4u√≠ykhfjklbgkk√±
Not_offensive,Tik tok Tarane act madidre hana sigutalva edanne etkondu. Nam government mane manege items kottu Products ready madi adanna videshakka marata madbeku matte nam janakke kamishon kotre voledalva. Nam jangala kayyalli yake kelsa madkotilla .
Not_offensive,Jadesh Kumar Anna.. trailer is dashing
Not_offensive,‡≤∏‡≥Ç‡≤™‡≤∞‡≥ç ‡≤¨‡≥ç‡≤∞‡≥ã
Offensive_Untargetede,@Sachin Shetty nYeno alpa swalpa budhi upiyogiside
not-Kannada,shambu baligar sir superrrrrrrr
Offensive_Targeted_Insult_Individual,‡≤®‡≤®‡≥ç shata fil ‡≤Æ‡≤æ‡≤°‡≤¶‡≥Ü bro
not-Kannada,Superb bro
Not_offensive,Deserves more views.
Not_offensive,‡≤Ö‡≤£‡≥ç‡≤£ ‡≤∏‡≤∞‡≤ø‡≤Ø‡≤æ‡≤ó‡≤ø ‡≤π‡≥á‡≤≥‡≥ç‡≤¶‡≥Ü .. super.
not-Kannada,Hands up fans like here
Not_offensive,‡≤ö‡≤Ç‡≤¶‡≤®‡≥ç ‡≤∂‡≥Ü‡≤ü‡≥ç‡≤ü‡≤ø ‡≤ü‡≥ç‡≤∞‡≥ä‡≤≤‡≥ç ‡≤µ‡≤ø‡≤°‡≤ø‡≤Ø‡≥ã ‡≤®‡≥Ä‡≤µ‡≥Å ‡≤®‡≥ã‡≤°‡≤ø ‡≤®‡≥Ü‡≤ó‡≤°‡≥ç‡≤°‡≥Ü ‡≤á‡≤¶‡≥ç‡≤∞‡≥Ü ‡≤®‡≤æ‡≤µ‡≥ç ‡≤ó‡≥ç‡≤Ø‡≤æ‡≤∞‡≤Ç‡≤ü‡≤ø
not-Kannada,Gta 5 bro
not-Kannada,Hands up
Not_offensive,‡≤á‡≤µ‡≤∞‡≥ç‡≤® ‡≤ö‡≥Ä‡≤®‡≤æ ‡≤¨‡≥ã‡≤∞‡≥ç‡≤°‡≤∞‡≥ç‡≤ó‡≥Ü ‡≤ï‡≤≥‡≤∏‡≤¨‡≥á‡≤ï‡≥Å ‡≤ó‡≥ä‡≤§‡≥ç‡≤§ ‡≤Ü‡≤ó‡≥Å‡≤§‡≥ç‡≤§‡≥Ü
Not_offensive,‡≤ó‡≥Å‡≤∞‡≥Å ‡≤®‡≤ø‡≤®‡≤ó‡≥Ü ‡≤ß‡≤®‡≥ç‡≤Ø‡≤µ‡≤æ‡≤¶‡≤ó‡≤≥‡≥Å
not-Kannada,Feels like Rango but its great
Not_offensive,‡≤ï‡≤∞‡≥ç‡≤®‡≤æ‡≤ü‡≤ï‡≤¶ ‡≤∂‡≥ç‡≤∞‡≥Ä‡≤Æ‡≤®‡≥ç‡≤®‡≤æ‡≤∞‡≤æ‡≤Ø‡≤£ ‡≤¨‡≤ó‡≥ç‡≤ó‡≥Ü ‡≤§‡≤≤‡≥Ü ‡≤ï‡≥Ü‡≤°‡≤ø‡≤∏‡≤ø‡≤ï‡≥ä‡≤≥‡≥ç‡≤≥‡≤¨‡≥á‡≤°‡≤ø promotion ‡≤® ‡≤µ‡≤ø‡≤ö‡≤æ‡≤∞‡≤µ‡≤æ‡≤ó‡≤ø ‡≤á‡≤≤‡≥ç‡≤≤‡≤ø‡≤ó‡≥Ü ‡≤®‡≤Æ‡≥ç‡≤Æ ‡≤ü‡≥ç‡≤∞‡≥ã‡≤≤‡≥ç‚Äå‡≤™‡≥á‡≤ú‡≥ç ‡≤®‡≤µ‡≤∞‡≥Ü ‡≤∏‡≤æ‡≤ï‡≥Å..n‡≤ï‡≤∞‡≥ç‡≤®‡≤æ‡≤ü‡≤ï‡≤¶‡≤æ‡≤ö‡≥Ü‡≤ó‡≥Ü ‡≤π‡≥Ü‡≤ö‡≥ç‡≤ö‡≤ø‡≤® ‡≤™‡≥ç‡≤∞‡≤Æ‡≥ã‡≤∑‡≤®‡≥ç‚Äå‡≤® ‡≤Ö‡≤µ‡≤∂‡≥ç‡≤Ø‡≤ï‡≤§‡≥Ü ‡≤á‡≤¶‡≥Ü. ‡≤™‡≥ç‡≤∞‡≤Æ‡≥Å‡≤ñ‡≤µ‡≤æ‡≤ó‡≤ø ‡≤â‡≤§‡≥ç‡≤§‡≤∞ ‡≤≠‡≤æ‡≤∞‡≤§‡≤¶‡≤≤‡≥ç‡≤≤‡≤ø.n‡≤á‡≤¶‡≥Å ‡≤ï‡≤®‡≥ç‡≤®‡≤°‡≤ø‡≤ó‡≤∞ ‡≤µ‡≤ø‡≤®‡≤Ç‡≤§‡≤ø
not-Kannada,I am watching
not-Kannada,Release in Aboard
Not_offensive,Le tiktok hudugira yella pubg banni  AWM M4 use madodu hege anta helkodtini
Not_offensive,Please ‡≤á‡≤®‡≥ç‡≤®‡≥ä‡≤Ç‡≤¶‡≥Å ‡≤∏‡≤æ‡≤∞‡≤ø re release Maadi.
not-Kannada,Nagaraj Shankaranavar Nagaraj Shankaranavar
Not_offensive,Supar friend supar
Offensive_Targeted_Insult_Individual,Kalki you only say brother your name is kalki no then say
Offensive_Targeted_Insult_Individual,ü§îü§îü§î hello thamma navu unity maintain madthivi aithu thorskolo avyashyakathe namgila nin CMT nodid kudle yavan avr fanism bidkodala ü§£ü§£ nin kano doddu sede nan maga
Not_offensive,Daily ondhsalanadru ee song na kele kelthivi annovru Attendence haki
Not_offensive,*‡≤á‡≤¶‡≥Å ‡≤ö‡≤∞‡≤ø‡≤§‡≥ç‡≤∞‡≥Ü ‡≤∏‡≥É‡≤∑‡≥ç‡≤†‡≤ø‡≤∏‡≥Ç ‡≤Ö‡≤µ‡≤§‡≤æ‡≤∞ ‡≤®‡≥ã‡≤°‡≤ø ‡≤Ö‡≤µ‡≤®‡≥á ‡≤∂‡≥ç‡≤∞‡≥Ä‡≤Æ‡≤æ‡≤®‡≥ç ‡≤®‡≤æ‡≤∞‡≤æ‡≤Ø‡≤£*
Offensive_Targeted_Insult_Individual,@sharath sharu nin ammun tullge nan tunne sigaka berke sule magne
Not_offensive,Super bro nim vioce ale ede desha Prema full enjoy video super
Not_offensive,@P h Ahamad Bava ‡≤Ö‡≤£‡≥ç‡≤£ ‡≤í‡≤Ç‡≤¶‡≥Ü‡≤∞‡≤°‡≥Å ‡≤™‡≤¶ ‡≤¨‡≤ø‡≤ü‡≥ç‡≤ü‡≥Å ‡≤á‡≤®‡≥ç‡≤®‡≥Ç ‡≤â‡≤≥‡≤ø‡≤¶ ‡≤™‡≤¶ ‡≤Ö‡≤ö‡≥ç‡≤ö ‡≤ï‡≤®‡≥ç‡≤®‡≤°‡≤¶‡≤≤‡≥ç‡≤≤‡≤ø ‡≤á‡≤¶‡≥Ü ‡≤Ö‡≤≤‡≥ç‡≤µ‡≤æ?
Not_offensive,‡≤§‡≥Å‡≤Ç‡≤¨‡≤æ ‡≤®‡≤ó‡≥Å ‡≤¨‡≤Ç‡≤§‡≥Å ‡≤ó‡≥Å‡≤∞‡≥Å
Not_offensive,Bgm..nnWaiting AVANE SRIMANNARAYAN and YUVARTHNAA
not-Kannada,Most handsome Kannada film industry
Offensive_Targeted_Insult_Individual,Addu. Pubg alla. Guru.  Sumney. Elbedda
Offensive_Targeted_Insult_Individual,@Vinay kumar banthu jaathi naayi savi savi nenapu soole sudeepu pans for a reason ü§£ü§™
Offensive_Targeted_Insult_Group,Yav Ree dislike kodoru kannada movies belibek fist kannada next hero's elru nammavare...
Not_offensive,ondu sakagalla Inna beku
Not_offensive,Entertainment Andre hidu huliyaaaa
not-Kannada,Solid song making
Not_offensive,Nin  video delete agolla bidu bro ninge nav support madtivi innu e tara videos na mattastu madu chaina bucket galige tale kediskobeda
not-Kannada,Hindi nahi hai kya
Offensive_Untargetede,@shiva prakash kittoyta?
not-Kannada,Tamil remake nan sigapu manithan
not-Kannada,ALL THE BEST TEAM OF ASNnFrom ‡∞Ü‡∞Ç‡∞ß‡±ç‡∞∞ ‡∞™‡±ç‡∞∞‡∞¶‡±á‡∞∂‡±ç (Andhra Pradesh)
Not_offensive,Anna game yavudu anna adu
Not_offensive,‡≤à ‡≤π‡≤æ‡≤°‡≥Å ‡≤ö‡≤∞‡≤ø‡≤§‡≥ç‡≤∞‡≥Ü ‡≤∏‡≥É‡≤∑‡≥ç‡≤ü‡≤ø‡≤∏‡≥Å‡≤§‡≥ç‡≤§‡≥Ü ‡≤Ö‡≤®‡≥ç‡≤®‡≥ã‡≤∞‡≥Å ‡≤≤‡≥à‡≤ï‡≥ç ‡≤Æ‡≤æ‡≤°‡≤ø
Not_offensive,‡≤π‡≤æ‡≤°‡≤ø‡≤®‡≤≤‡≥ç‡≤≤‡≤ø‡≤∞‡≥Å‡≤µ ‡≤™‡≤¶‡≤™‡≥Å‡≤Ç‡≤ú‡≤µ‡≤®‡≥ç‡≤®‡≥Å ‡≤¨‡≤≥‡≤ø‡≤∏‡≤ø‡≤¶ ‡≤∞‡≥Ä‡≤§‡≤ø‡≤Ø‡≥á ‡≤Ö‡≤§‡≤ø ‡≤Ö‡≤¶‡≥ç‡≤≠‡≥Å‡≤§....
not-Kannada,GTA 5 bro
Not_offensive,‡≤¶‡≥á‡≤∂ ‡≤ï‡≤æ‡≤Ø‡≤ï‡≥ç‡≤ï‡≥Ü ‡≤Ø‡≥ã‡≤ß ‡≤á‡≤∞‡≤¨‡≥á‡≤ï‡≥Å ‡≤§‡≥Ä‡≤∞‡≤ø‡≤™‡≥Ü ‡≤∂‡≥ã‡≤ï‡≤ø ‡≤Æ‡≤æ‡≤°‡≤ø‡≤¶‡≤µ‡≤∞‡≤ø‡≤ó‡≥Ü ‡≤ü‡≥ç‡≤∞‡≥ã‡≤≤‡≥ç ‡≤Æ‡≤æ‡≤°‡≥ã‡≤∞‡≥Å ‡≤á‡≤∞‡≤¨‡≥á‡≤ï‡≥Å
not-Kannada,Nonsense Kannada rost
Not_offensive,Pubge sontekorya kano
not-Kannada,@KICCHA DHF yes 2
Not_offensive,Promotion ‡≤ö‡≤®‡≥ç‡≤®‡≤æ‡≤ó‡≤ø ‡≤Æ‡≤æ‡≤°‡≤ø sir. yeno sir Karnataka outside film sound ‡≤Æ‡≤æ‡≤°‡≥ç‡≤§‡≤æ ‡≤á‡≤≤‡≥ç‡≤≤. ‡≤®‡≤ø‡≤Æ‡≤ó‡≤ø‡≤Ç‡≤§ ‡≤®‡≤Æ‡≤ø‡≤ó‡≥Ü ‡≤à ‡≤´‡≤ø‡≤≤‡≥ç‡≤Æ ‡≤π‡≤ø‡≤ü‡≥ç ‡≤Ü‡≤ó‡≤≤‡≥ç‡≤≤‡≤ø ‡≤Ö‡≤®‡≥ã ‡≤Ü‡≤∏‡≥Ü ‡≤á‡≤¶‡≥Ü sir.
not-Kannada,Sahi bola Bhai ü§£ü§£ü§£
Offensive_Targeted_Insult_Group,Thu thukali trailer
Not_offensive,Super gichhi Gili Gili boss
Not_offensive,@vinoddevadiga Jogimane okay
Not_offensive,Nim matalle gottagutte neevu estu positive Anta
not-Kannada,ta ta ta ta ta da da da
not-Kannada,@Mad Titan Zoom ultra modem
Offensive_Targeted_Insult_Group,Re e video post agiddu yavaga apps ban agirodu yavaga adu moldu nodir sumne yeneno mathadbedi
Offensive_Targeted_Insult_Individual,@vinay shivamogga **uter
Offensive_Untargetede,Worst song ever...
Not_offensive,‡≤á‡≤¶‡≥Å ‡≤∞‡≤ï‡≥ç‡≤∑‡≤ø‡≤§‡≥ç ‡≤∂‡≥Ü‡≤ü‡≥ç‡≤ü‡≤ø ‡≤ö‡≤∞‡≤ø‡≤§‡≥ç‡≤∞‡≥Ü ‡≤∏‡≥É‡≤∑‡≥ç‡≤ü‡≤ø‡≤∏‡≥ã ‡≤Ö‡≤µ‡≤§‡≤æ‡≤∞ n‡≤®‡≤ø‡≤Æ‡≥ç‡≤Æ‡≤Ç‡≤§‡≤π ‡≤∏‡≥É‡≤ú‡≤®‡≤∂‡≥Ä‡≤≤ ‡≤Æ‡≤§‡≥ç‡≤§‡≥Å ‡≤ö‡≤æ‡≤£‡≤ï‡≥ç‡≤Ø movie maker ‡≤®‡≤Æ‡≥ç‡≤Æ ‡≤ï‡≤∞‡≥ç‡≤®‡≤æ‡≤ü‡≤ï‡≤¶‡≤≤‡≥ç‡≤≤‡≤ø ‡≤á‡≤∞‡≥Å‡≤µ‡≥Å‡≤¶‡≥Å ‡≤®‡≤Æ‡≤ó‡≥Ü ‡≤π‡≥Ü‡≤Æ‡≥ç‡≤Æ‡≥Ü
Offensive_Targeted_Insult_Individual,Vijaykumar s Kumsi  hotelnKumsi
not-Kannada,Hand's Up super
Not_offensive,‡≤®‡≤Æ‡≥ç‡≤Æ ‡≤ö‡≤Ç‡≤¶‡≤®‡≤µ‡≤®‡≤¶ ‡≤ö‡≤≤‡≤®‡≤ö‡≤ø‡≤§‡≥ç‡≤∞‡≤ó‡≤≥‡≥Å ‡≤§‡≥Å‡≤Ç‡≤¨‡≤æ ‡≤µ‡≤ø‡≤≠‡≤ø‡≤®‡≥ç‡≤®‡≤µ‡≤æ‡≤ó‡≤ø ‡≤µ‡≤ø‡≤∂‡≤ø‡≤∑‡≥ç‡≤ü‡≤µ‡≤æ‡≤ó‡≤ø ‡≤∏‡≥Å‡≤Ç‡≤¶‡≤∞‡≤µ‡≤æ‡≤ó‡≤ø ‡≤Æ‡≥Ç‡≤°‡≤ø ‡≤¨‡≤∞‡≥Å‡≤§‡≥ç‡≤§‡≤µ‡≥Ü ‡≤á‡≤¶‡≥Å ‡≤®‡≤Æ‡≥ç‡≤Æ ‡≤π‡≥Ü‡≤Æ‡≥ç‡≤Æ‡≥Ü‡≤Ø ‡≤ï‡≤®‡≥ç‡≤®‡≤°‡≤¶ ‡≤∏‡≤ø‡≤®‡≤ø‡≤Æ‡≤æ‡≤ó‡≤≥‡≥Å ‡≤Ø‡≤æ‡≤µ ‡≤™‡≤∞ ‡≤¨‡≤æ‡≤∑‡≥Ü ‡≤ö‡≤≤‡≤®‡≤ö‡≤ø‡≤§‡≥ç‡≤∞‡≤ó‡≤≥‡≤ø‡≤ó‡≥Ç ‡≤®‡≤Æ‡≥ç‡≤Æ ‡≤ï‡≤®‡≥ç‡≤®‡≤° ‡≤∏‡≤ø‡≤®‡≤ø‡≤Æ‡≤Æ‡≤æ‡≤ó‡≤≥‡≥Å ‡≤ï‡≤Æ‡≥ç‡≤Æ‡≤ø ‡≤á‡≤≤‡≥ç‡≤≤ ‡≤ï‡≤®‡≥ç‡≤®‡≤°‡≤µ‡≥á ‡≤∏‡≤§‡≥ç‡≤Ø ‡≤ï‡≤®‡≥ç‡≤®‡≤°‡≤µ‡≥á ‡≤®‡≤ø‡≤§‡≥ç‡≤Ø
Not_offensive,Super singing by Vijay Prakash...
Not_offensive,Dina 7-8  sala song kelisikontini.
Not_offensive,Bahala varshada nantara Togari Tippa Hasya keli santosh aayitu  thank you for this video
Not_offensive,an voice super story nakku nakku otte hunnatri
Not_offensive,chenagide anta Pade pade nodoru swalpa husharu Data khali aguthe
Not_offensive,Movie is super
not-Kannada,Hindi me kab aayegi
Offensive_Untargetede,Ha gandu sule maga sikkre katte mele meravanige madi kallu odedu sayisbeku
Not_offensive,Next level gurunin benki bhai
Not_offensive,Osm vedio anna
Offensive_Targeted_Insult_Other,@Cypher spalling misteek madbardu.... adu D boos
Not_offensive,‡≤®‡≤ø‡≤ú‡≤µ‡≤æ‡≤ó‡≤ø‡≤Ø‡≥Ç ‡≤Ö‡≤£‡≥ç‡≤£ HANDS OFF TO YOU.. ‡≤ß‡≤®‡≥ç‡≤Ø‡≤µ‡≤æ‡≤¶‡≤ó‡≤≥‡≥Å...
not-Kannada,One side
Not_offensive,‡≤ö‡≤Ç‡≤¶‡≤®‡≥ç ‡≤∂‡≥Ü‡≤ü‡≥ç‡≤ü‡≤ø ‡≤ü‡≥ç‡≤∞‡≥ä‡≤≤‡≥ç ‡≤µ‡≤ø‡≤°‡≤ø‡≤Ø‡≥ã ‡≤®‡≥Ä‡≤µ‡≥Å ‡≤®‡≥ã‡≤°‡≤ø ‡≤®‡≥Ü‡≤ó‡≤°‡≥ç‡≤°‡≥Ü ‡≤á‡≤¶‡≥ç‡≤∞‡≥Ü ‡≤®‡≤æ‡≤µ‡≥ç ‡≤ó‡≥ç‡≤Ø‡≤æ‡≤∞‡≤Ç‡≤ü‡≤ø
Not_offensive,Nimma news keltha eddre
not-Kannada,I like song very much
Not_offensive,Sir ‡≤®‡≤ø‡≤Æ‡≥ç‡≤Æ ‡≤Æ‡≤æ‡≤§‡≥Å 100 ‡≤ï‡≥ç‡≤ï‡≥Ü ‡≥ß‡≥¶‡≥¶% ‡≤∏‡≤§‡≥ç‡≤Ø..
Not_offensive,But kone yalli police magala jeevana da bagge clarity kodbekittu... nIdondu bittu film matra
Not_offensive,Thumba chennagide  nimma abhipraya..
Not_offensive,Idu charitre srastiso avatara
Not_offensive,‡≤ö‡≤Ç‡≤¶‡≤®‡≥ç ‡≤∂‡≥Ü‡≤ü‡≥ç‡≤ü‡≤ø ‡≤ü‡≥ç‡≤∞‡≥ä‡≤≤‡≥ç ‡≤µ‡≤ø‡≤°‡≤ø‡≤Ø‡≥ã ‡≤®‡≥Ä‡≤µ‡≥Å ‡≤®‡≥ã‡≤°‡≤ø ‡≤®‡≥Ü‡≤ó‡≤°‡≥ç‡≤°‡≥Ü ‡≤á‡≤¶‡≥ç‡≤∞‡≥Ü ‡≤®‡≤æ‡≤µ‡≥ç ‡≤ó‡≥ç‡≤Ø‡≤æ‡≤∞‡≤Ç‡≤ü‡≤ø
Not_offensive,@9535684889 Chaithra enu sinchana gottaglilla
Offensive_Targeted_Insult_Individual,@Sujan Tejashands up ande kai ettu annadukka agutta
Not_offensive,E film yar yar nodiddera ü§ò like madi
not-Kannada,Gta 5 bro
Not_offensive,Yanta jana brother nam deshakkoskara 1 app delete madoke agalva avarige
not-Kannada,Nice steps like chirnjevi
Not_offensive,Super  jai kiccha sudeep anna
not-Kannada,jai sri ram
Not_offensive,Parvagilla....buzz is good in Hindi too..see BMS
Not_offensive,Yas re relis madi
Not_offensive,Arajun Galagali thippesh
Offensive_Targeted_Insult_Individual,Onde ond cmnt ketudag idre torso childeü§£ü§£nNamdu olle respected family nimdeno gotila...modlu tilkond helu bayig bandang helak nangu barutte...nan hesru katkond ningen agbeku
Not_offensive,Ashwatama ge Kannada barutte yenri
Offensive_Targeted_Insult_Other,‡≤ö‡≤Ç‡≤¶‡≤®‡≥ç ‡≤∂‡≥Ü‡≤ü‡≥ç‡≤ü‡≤ø ‡≤ü‡≥ç‡≤∞‡≥ä‡≤≤‡≥ç ‡≤µ‡≤ø‡≤°‡≤ø‡≤Ø‡≥ã ‡≤®‡≥Ä‡≤µ‡≥Å ‡≤®‡≥ã‡≤°‡≤ø ‡≤®‡≥Ü‡≤ó‡≤°‡≥ç‡≤°‡≥Ü ‡≤á‡≤¶‡≥ç‡≤∞‡≥Ü ‡≤®‡≤æ‡≤µ‡≥ç ‡≤ó‡≥ç‡≤Ø‡≤æ‡≤∞‡≤Ç‡≤ü‡≤ø
Not_offensive,‡≤¨‡≤æ‡≤≥ ‡≤ö‡≥ä‡≤≤‡≥ã ‡≤ê‡≤§‡≥ç‡≤∞‡≤ø ‡≤®‡≥å‡≤®‡≥ç ‡≤ï‡≤•‡≤ø
Offensive_Targeted_Insult_Group,Dislike madiroro rashmika fans irbeku
Offensive_Targeted_Insult_Group,Innu iste views agidda!! Song yak hit agilla
Not_offensive,Sir social media bittu horgade thumba publicity beku dayavitu madi
Not_offensive,Awsum guru enu swalpa hugiri
Not_offensive,Bharatadalli Experience kelidre en madodu? Nav hosa kelsa madoke ready idivi
Not_offensive,‡≤∏‡≥Ç‡≤™‡≤∞‡≥ç voice and i am very happy for banning tiktok app
Not_offensive,I lv u sir
not-Kannada,1 min silence for tiktokers
Not_offensive,Chindi Song guru
Not_offensive,Swabhimana da baduku sartaka
not-Kannada,Super song
Offensive_Untargetede,Super bro e nayiigulu erodrindane nam desha uddar agilla once again super bro
not-Kannada,Hanumagowda.k Kalikeri h
Offensive_Targeted_Insult_Group,Bharatadalli vanchakarige gourava jasti.
Not_offensive,Good ..but small dout karavali bittu berekade content sigalva.
Not_offensive,Film suprrrrrr agi ede full clean film
Offensive_Targeted_Insult_Group,Dislikers r fans of rasmika
Not_offensive,Chindi song  Vijay prakash fans hit like here
Offensive_Targeted_Insult_Group,Nimge interview madoke bere jaga sekilwa ü§¶
Not_offensive,Adhakalva janarige dharsan fav..avn adhe tharadh movie madudh
not-Kannada,Shankar sir olleya artiste ivarannu bitte cinema madtira Buddi illada dairctar
Offensive_Targeted_Insult_Group,One more lucia movie
Not_offensive,My  favorite songs
Not_offensive,supper  guru
Not_offensive,Jai D Boss
not-Kannada,I like it I like it kantha.
Offensive_Targeted_Insult_Individual,@Naveen kumar yadav lo thamma nanu copy madidare antha yello helidini.. ratasasan movie bgm inspiration indha idhna madidare andirodhu.. nav yav telugu movie nu nodalla kannadake modala adhyathe namdhu
Not_offensive,‡≤∏‡≤∞‡≥ç ‡≤π‡≤ø‡≤Ç‡≤¶‡≤ø song ‡≤¨‡≥á‡≤ó ‡≤¨‡≤ø‡≤°‡≤ø
Not_offensive,‡≤á‡≤¶‡≥Å ‡≤ö‡≤∞‡≤ø‡≤§‡≥ç‡≤∞‡≥Ü ‡≤∏‡≥É‡≤∑‡≥ç‡≤ü‡≤ø‡≤∏‡≥Ç ‡≤Ö‡≤µ‡≤§‡≤æ‡≤∞
Not_offensive,‡≤ï‡≤®‡≥ç‡≤®‡≤° ‡≤ö‡≤ø‡≤§‡≥ç‡≤∞‡≤∞‡≤Ç‡≤ó  ‡≤¨‡≥Ü‡≤≥‡≤µ‡≤£‡≤ø‡≤ó‡≥Ü ‡≤∏‡≥Å‡≤∞‡≥Å ‡≤Ü‡≤Ø‡≥ç‡≤§‡≥Å ‡≤ú‡≥à ‡≤ï‡≤®‡≥ç‡≤®‡≤°‡≤æ‡≤Ç‡≤¨‡≥Ü
Offensive_Targeted_Insult_Group,Super song Jai DBoss
not-Kannada,‡≤Æ‡≥à‡≤∏‡≥Ç‡≤∞‡≥Å .‡≤é‡≤Ç.‡≤™‡≤ø qhqjrjsrlfktiskg
Not_offensive,3.39 ‡≤∞‡≥Ä‡≤∑‡≤≠‡≥ç ‡≤∂‡≥Ü‡≤ü‡≥ç‡≤ü‡≤ø
Not_offensive,‡≤∏‡≥Ç‡≤™‡≤∞‡≥ç ‡≤∏‡≤æ‡≤Ç‡≤ó‡≥ç ‡≤Ü‡≤≤‡≥ç ‡≤¶‡≤ø ‡≤¨‡≥Ü‡≤∏‡≥ç‡≤ü‡≥ç ‡≤∞‡≤ï‡≥ç‡≤∑‡≤ø‡≤§‡≥ç ‡≤∂‡≥Ü‡≤ü‡≥ç‡≤ü‡≤ø ‡≤Ö‡≤£‡≥ç‡≤£
not-Kannada,Rashmika fans bro
Not_offensive,‡≤á‡≤∞‡≥ã‡≤¶‡≥Å ‡≤á‡≤∞‡≤≠‡≤µ‡≤¶‡≥ç ‡≤ó‡≥ä‡≤§‡≥ç‡≤§‡≤ø‡≤≤‡≥ç‡≤≤
Offensive_Untargetede,‡≤Ö‡≤∞‡≥ç‡≤ú‡≥Å‡≤®‡≥ç ‡≤ú‡≤®‡≥ç‡≤Ø ‡≤Ö‡≤µ‡≤∞‡≥á ‡≤®‡≥ã‡≤°‡≤ø ‡≤Ö‡≤ú‡≤®‡≥Ä‡≤∂‡≥ç ‡≤≤‡≥ã‡≤ï‡≤®‡≤æ‡≤•‡≥ç ‡≤Ö‡≤§‡≥ç‡≤∞ ‡≤π‡≥ã‡≤ó‡≤ø ‡≤Æ‡≥Ç‡≤∏‡≤ø‡≤ï‡≥ç ‡≤Æ‡≤æ‡≤°‡≥ã‡≤¶‡≤®‡≥ç‡≤® ‡≤ï‡≤≤‡≤ø‡≤Ø‡≤ø‡≤∞‡≤ø ü§£n#Odeya movie ‡≤ó‡≥Ü ‡≤è‡≤®‡≥ç ‡≤Æ‡≥ç‡≤Ø‡≥Ç‡≤∏‡≤ø‡≤ï‡≥ç ‡≤ï‡≥ä‡≤ü‡≥ç‡≤ü‡≤ø‡≤¶‡≤ø‡≤Ø ‡≤∏‡≥ç‡≤µ‡≤æ‡≤Æ‡≤ø........... ‡≤§‡≥Ç ü§≠ü§≠
not-Kannada,Sir pls answer abt Hindi version...
not-Kannada,Super message sir
Not_offensive,Next kgf........ avane srimannarayana.... blockkkkkkk busterrrrrr
Not_offensive,My favourite song edu steps super
not-Kannada,Anjali Devi hai
not-Kannada,Super song very interesting
Not_offensive,Best madali olle  belavanige next level sandalwood
not-Kannada,Swag Ka King Rakshit Shetty
Not_offensive,Yaro guru ninu super
Not_offensive,Hindi nalli Madi movie oduthe plz
Not_offensive,Yes song super
Not_offensive,Kannada film  industry avaru sir solpa nodi rii yen madta ididra inta ashvath sir avara maga ondu sanni veshe dalli kalsa Kodi
not-Kannada,Vere level bro
not-Kannada,By no FBI do
not-Kannada,Super Guru  tiktok ban I'm real happy
not-Kannada,Anjali Devi really
Not_offensive,‡≤§‡≥ã‡≤ó‡≤∞‡≤ø ‡≤§‡≤ø‡≤™‡≥ç‡≤™ ‡≤∏‡≥Ç‡≤™‡≤∞‡≥ç
not-Kannada,Super song
not-Kannada,Super ck. Ur voice ur content........
Not_offensive,sir nim left kaalu samasye  iruvudu  rinda neevu automatic gear iro gaadi odusbodu Alva sir nimage tumba help agute
not-Kannada,Iam Vijay devara konda Hater
Not_offensive,Film nodi matte nodbeku annoru like madi
Offensive_Untargetede,Corona dhinda theatre Alli cinema nodokke aaglilla maga. Mathhe nodthini. Cinema direction  adbutha madidya.
not-Kannada,Sir u copy dr vivek bindra sir
Offensive_Targeted_Insult_Individual,@Nandi Parthasarathi ‡≤®‡≤Ç‡≤¶‡≤ø‡≤®‡≤ø ‡≤®‡≤Ç‡≤¶‡≤ø‡≤®‡≤ø ‡≤®‡≤ø‡≤®‡≥ç ‡≤§‡≥Å‡≤≤‡≥ç ‡≤ä‡≤∞‡≥ç ‡≤¨‡≤æ‡≤ó‡≥ç‡≤≤‡≥Å
Not_offensive,Wwwwso Super rakshit boss nim name nange tumbanee ista hagee nim movinu istanee nnnnnn
Not_offensive,Guru I like u
Not_offensive,‡≤∏‡≤æ‡≤π‡≤ø‡≤§‡≥ç‡≤Ø ‡≤Ö‡≤ß‡≥ç‡≤¨‡≥Å‡≤§ n‡≤∏‡≤ø‡≤®‡≤ø‡≤Æ‡≤æ 100 ‡≤¶‡≤ø‡≤®‡≤µ‡≥Å ‡≤Ö‡≤ß‡≥ç‡≤¨‡≥Å‡≤§ n‡≤Ø‡≤∂‡≤∏‡≥ç‡≤∏‡≥Å ‡≤ï‡≤æ‡≤£‡≤≤‡≤ø
Not_offensive,Ivrna nodidre ashwath avrna nodida hange agutte......nVoice antu ade tara ide
Not_offensive,‡≤ö‡≤Ç‡≤¶‡≤®‡≥ç ‡≤∂‡≥Ü‡≤ü‡≥ç‡≤ü‡≤ø ‡≤ü‡≥ç‡≤∞‡≥ä‡≤≤‡≥ç ‡≤µ‡≤ø‡≤°‡≤ø‡≤Ø‡≥ã ‡≤®‡≥Ä‡≤µ‡≥Å ‡≤®‡≥ã‡≤°‡≤ø ‡≤®‡≥Ü‡≤ó‡≤°‡≥ç‡≤°‡≥Ü ‡≤á‡≤¶‡≥ç‡≤∞‡≥Ü ‡≤®‡≤æ‡≤µ‡≥ç ‡≤ó‡≥ç‡≤Ø‡≤æ‡≤∞‡≤Ç‡≤ü‡≤ø
Not_offensive,‡≤Ø‡≤æ‡≤∞‡≥Ü‡≤≤‡≥ç‡≤≤ ‡≤à ‡≤∏‡≤æ‡≤Ç‡≤ó‡≥ç ‡≤Ö‡≤®‡≥ç‡≤®‡≥Å ‡≤¶‡≤ø‡≤®‡≤æ‡≤≤‡≥Ç ‡≤ï‡≥á‡≤≥‡≥Å‡≤§‡≥ç‡≤§‡≥Ä‡≤∞‡≤ø... ü§î
not-Kannada,6) vijaya devarakonda
Offensive_Targeted_Insult_Individual,@Nandi Parthasarathi ‡≤Ö‡≤Ç‡≤§‡≥Ç ‡≤í‡≤™‡≤ø‡≤ï‡≥ä‡≤Ç‡≤°‡≤≤‡≥ç‡≤≤ ‡≤¶‡≥ä‡≤°‡≥ç‡≤° ‡≤∑‡≤Ç‡≤° ‡≤Ö‡≤Ç‡≤§‡≤æ
Offensive_Targeted_Insult_Individual,@prithvi nayak ‡≤®‡≤ø‡≤Æ‡≥ç‡≤Æ ‡≤Ö‡≤µ‡≥ç‡≤µ ‡≤π‡≤æ‡≤¶‡≤∞‡≤ó‡≤ø‡≤§‡≥ç‡≤§‡≤ø
Not_offensive,Trending number 1
Not_offensive,Awesome song! 2nd Shankarnag to KFI
Not_offensive,‡≤∏‡≥Ç‡≤™‡≤∞‡≥ç ‡≤Ö‡≤£‡≥ç‡≤£ ‡≤®‡≥Ä‡≤ü‡≤æ‡≤ó‡≤ø ‡≤Ö‡≤∞‡≥ç‡≤• ‡≤Ü‡≤ó‡≥ã ‡≤π‡≤æ‡≤ó‡≥Ü ‡≤π‡≥á‡≤≥‡≤ø‡≤¶‡≤ø‡≤Ø  ‡≤à ‡≤∂‡≤°‡≥á‡≤ó‡≤≥‡≥Å ‡≤Ö‡≤∞‡≥ç‡≤• ‡≤Æ‡≤æ‡≤°‡≥ç‡≤ï‡≥ã‡≤¨‡≥á‡≤ï‡≥Å
Not_offensive,Music bayankara gurooo.....
not-Kannada,#KGFCHAPTER2  #KGF2
Not_offensive,Ivrella nijvaglu nam Indian anta ansutte anna yappa istu himse kodtidru tiktok antidaralla yappa nijvaglu ivnella nijvaglu aaisbeku
Not_offensive,Yamma..kivili raktha barthide supper guroo
Not_offensive,Hope this movie will rule Indian cinema... ‡≤Ö‡≤µ‡≤®‡≥á ‡≤∂‡≥ç‡≤∞‡≥Ä‡≤Æ‡≤æ‡≤®‡≥ç ‡≤®‡≤æ‡≤∞‡≤æ‡≤Ø‡≤£ ‡≤á‡≤®‡≥ç‡≤®‡≥Å ‡≤π‡≤≤‡≤µ‡≥Å ‡≤≠‡≤æ‡≤ó‡≤ó‡≤≥‡≤æ‡≤ó‡≤ø ‡≤ï‡≤®‡≥ç‡≤®‡≤° ‡≤ö‡≤ø‡≤§‡≥ç‡≤∞‡≤∞‡≤Ç‡≤ó‡≤¶‡≤≤‡≥ç‡≤≤‡≤ø ‡≤Ö‡≤µ‡≤§‡≤æ‡≤∞‡≤ó‡≤≥‡≤®‡≥ç‡≤®‡≥Å ‡≤§‡≤æ‡≤≥‡≥Å‡≤µ‡≥Å‡≤¶‡≤∞‡≤≤‡≥ç‡≤≤‡≤ø ‡≤∏‡≤Ç‡≤∂‡≤Ø‡≤µ‡≥á ‡≤á‡≤≤‡≥ç‡≤≤.
Not_offensive,Nanna ballya jivana nenap aytu thanks aswini adio
Offensive_Targeted_Insult_Other,Bindu gowda ge sariyyagi batthi itree sir ..super sir neevu
Not_offensive,Thumbha ‡≤í‡≤≥‡≥ç‡≤≥‡≥Ü‡≤Ø ‡≤Æ‡≤æ‡≤π‡≤ø‡≤§‡≤ø Anna. Dhanyavaadagalu.
not-Kannada,I am waiting
Not_offensive,‡≤à ‡≤π‡≤æ‡≤°‡≥Å ‡≤í‡≤Ç‡≤•‡≤∞‡≤æslow poison ‡≤á‡≤¶‡≥ç‡≤¶ ‡≤π‡≤æ‡≤ó‡≥Ü
Not_offensive,@Ajaya shetty huu gottu
not-Kannada,Anjali Devi hii
Not_offensive,‡≤ï‡≥ç‡≤∞‡≤ø‡≤Æ‡≤ø‡≤®‡≤≤‡≥ç ‡≤¨‡≥Å‡≤¶‡≥ç‡≤¶‡≤µ‡≤Ç‡≤§‡≤ø‡≤ï‡≥Ü ..‡≤∏‡≥Ç‡≤™‡≤∞‡≥ç ‡≤π‡≥Ä‡≤ó‡≥Ü ‡≤á‡≤∞‡≤¨‡≥á‡≤ï‡≥Å .. ‡≤®‡≤Æ‡≥ç‡≤Æ ‡≤¶‡≥á‡≤∂ ‡≤®‡≥ã... ‡≤ö‡≤æ‡≤®‡≥ç‡≤∏‡≥ç..
not-Kannada,Song full gicchi gili gili.....
Offensive_Targeted_Insult_Individual,Sir nivu bare swalpa sulu heleteraa
Not_offensive,Hodtha Guru sng
Offensive_Targeted_Insult_Individual,Urko sanvi dagar rashmika...
Not_offensive,@jagadish g dambal
Not_offensive,Gajab ka song h yar hindi me nahi ayega kya ye song samajhna hai lyrics
Not_offensive,‡≤í‡≤Ç‡≤¶‡≥Å ‡≤¶‡≥á‡≤∂‡≤¶ ‡≤Æ‡≥Å‡≤Ç‡≤¶‡≥Å‡≤µ‡≤∞‡≤ø‡≤Ø‡≥Å‡≤µ‡≥Å‡≤¶‡≥Å ‡≤Ö‡≤¶‡≤∞ ‡≤Ü‡≤∞‡≥ç‡≤•‡≤ø‡≤ï ‡≤∏‡≥ç‡≤•‡≤ø‡≤§‡≤ø‡≤Ø‡≤®‡≥ç‡≤®‡≥Å ‡≤Ö‡≤µ‡≤≤‡≤Ç‡≤¨‡≤ø‡≤∏‡≥Å‡≤µ‡≥Å‡≤¶‡≤ø‡≤≤‡≥ç‡≤≤. ‡≤Ö‡≤µ‡≤∞‡≥Å ‡≤Æ‡≤æ‡≤®‡≤µ‡≥Ä‡≤Ø‡≤§‡≥Ü‡≤Ø‡≤≤‡≥ç‡≤≤‡≤ø ‡≤é‡≤∑‡≥ç‡≤ü‡≥Å ‡≤∏‡≤Æ‡≤∞‡≥ç‡≤•‡≤∞‡≥Å ‡≤é‡≤®‡≥ç‡≤®‡≥Å‡≤µ‡≥Å‡≤¶‡≤®‡≥ç‡≤®‡≥Å ‡≤Ö‡≤µ‡≤≤‡≤Ç‡≤¨‡≤ø‡≤∏‡≤ø‡≤¶‡≥Ü. ‡≤≠‡≤æ‡≤∞‡≤§‡≤¶‡≤≤‡≥ç‡≤≤‡≤ø ‡≤Ö‡≤®‡≤ï‡≥ç‡≤∑‡≤∞‡≤§‡≥Ü ‡≤á‡≤¶‡≥Ü ‡≤Ü ‡≤Ö‡≤®‡≤ï‡≥ç‡≤∑‡≤∞‡≤∏‡≥ç‡≤•‡≤∞‡≤®‡≥ç‡≤®‡≥Å ‡≤Ö‡≤µ‡≤∞ ‡≤Ö‡≤®‡≤ï‡≥ç‡≤∑‡≤∞‡≤§‡≥Ü‡≤Ø‡≥á
not-Kannada,@naveen gani rest in peace sanviü§£ü§£ü§£ü§£
Not_offensive,‡≤¶‡≤∞‡≥ç‡≤∂‡≤®‡≥ç ‡≤∏‡≤∞‡≥ç ‡≤®‡≤æ‡≤µ‡≥Å ‡≤®‡≤ø‡≤Æ‡≥ç‡≤Æ ‡≤Ö‡≤≠‡≤ø‡≤Æ‡≤æ‡≤®‡≤ø‡≤ó‡≤≥‡≥Å ‡≤®‡≤Æ‡≥ç‡≤Æ ‡≤ï‡≤≤‡≤æ‡≤µ‡≤ø‡≤¶‡≤∞‡≥Å ‡≤à ‡≤∞‡≥Ä‡≤§‡≤ø ‡≤ï‡≤∑‡≥ç‡≤ü ‡≤™‡≤°‡≥ã‡≤¶‡≥Å ‡≤®‡≤Æ‡≤ó‡≥Ü ‡≤Æ‡≤®‡≤∏‡≥ç‡≤∏‡≤ø‡≤ó‡≥Ü ‡≤§‡≥Å‡≤Ç‡≤¨‡≤æ ‡≤®‡≥ã‡≤µ‡≤æ‡≤ó‡≥Å‡≤§‡≥ç‡≤§‡≥Ü ‡≤®‡≥Ä‡≤µ‡≥Å ‡≤¶‡≤Ø‡≤µ‡≤ø‡≤ü‡≥ç‡≤ü‡≥Å ‡≤á‡≤Ç‡≤• ‡≤Æ‡≤π‡≤æ‡≤®‡≥ç ‡≤ï‡≤≤‡≤æ‡≤µ‡≤ø‡≤¶‡≤∞‡≤®‡≥ç‡≤®‡≥Å ‡≤§‡≤Æ‡≥ç‡≤Æ ‡≤ú‡≥ä‡≤§‡≥Ü ‡≤ï‡≤∞‡≥Ü‡≤¶‡≥Å‡≤ï‡≥ä‡≤Ç‡≤°‡≥Å ‡≤®‡≤°‡≥Ü‡≤Ø‡≤ø‡≤∞‡≤ø ‡≤Ö‡≤≠‡≤ø‡≤Æ‡≤æ‡≤®‡≤ø ‡≤Ö‡≤≠‡≤ø‡≤Æ‡≤æ‡≤®‡≤ø‡≤ó‡≤≥‡≤ø‡≤ó‡≥Ü ‡≤ï‡≥ä‡≤°‡≥Å‡≤µ ‡≤¶‡≥ä‡≤°‡≥ç‡≤° ‡≤â‡≤°‡≥Å‡≤ó‡≥ä‡≤∞‡≥Ü ‡≤®‡≤ø‡≤Æ‡≥ç‡≤Æ‡≤ø‡≤Ç‡≤¶ ‡≤®‡≤æ‡≤µ‡≥Å ‡≤®‡≤æ ‡≤¨‡≤Ø‡≤∏‡≥Å‡≤§‡≥ç‡≤§‡≥á‡≤µ‡≥Ü
Not_offensive,#DBOSS  ‡≤¶‡≤∞‡≥ç‡≤∂‡≤®‡≥ç ‡≤Ö‡≤£‡≥ç‡≤£‡≤® ‡≤Ö‡≤≠‡≤ø‡≤Æ‡≤æ‡≤®‡≤ø‡≤ó‡≤≥ ‡≤ï‡≤°‡≥Ü ‡≤á‡≤Ç‡≤¶ All the best
not-Kannada,Awesome song .
Not_offensive,‡≤ö‡≤Ç‡≤¶‡≤®‡≥ç ‡≤∂‡≥Ü‡≤ü‡≥ç‡≤ü‡≤ø ‡≤ü‡≥ç‡≤∞‡≥ä‡≤≤‡≥ç ‡≤µ‡≤ø‡≤°‡≤ø‡≤Ø‡≥ã ‡≤®‡≥Ä‡≤µ‡≥Å ‡≤®‡≥ã‡≤°‡≤ø ‡≤®‡≥Ü‡≤ó‡≤°‡≥ç‡≤°‡≥Ü ‡≤á‡≤¶‡≥ç‡≤∞‡≥Ü ‡≤®‡≤æ‡≤µ‡≥ç ‡≤ó‡≥ç‡≤Ø‡≤æ‡≤∞‡≤Ç‡≤ü‡≤ø
Not_offensive,Sang supar Chinu love you too...uppi.
Not_offensive,Charitre srushti maadiruva Shettrege...Hands Up
not-Kannada,Bahu bhai hindusthan jai
Not_offensive,Amazing song
Not_offensive,‡≤§‡≥ä‡≤ó‡≤∞‡≤ø ‡≤§‡≤ø‡≤™‡≥ç‡≤™ ‡≤∏‡≥Ç‡≤™‡≤∞ ‡≤®‡≤æ‡≤ü‡≤ï
Not_offensive,Cinema super aagide
Not_offensive,@vinoddevadiga Jogimane now staying in Bengaluru
Offensive_Untargetede,‡≤¨‡≤°‡≥ç‡≤°‡≤ø ‡≤Æ‡≤ó‡≤Ç‡≤¶‡≥Å ‡≤Ø‡≤æ‡≤µ‡≤§‡≥ç ‡≤¨‡≤æ‡≤∞‡≥Å‡≤§‡≥ã 27‡≤®‡≥á ‡≤§‡≤æ‡≤∞‡≥Ä‡≤ñ‡≥Å
Not_offensive,‡≤∏‡≥Ç‡≤™‡≤∞‡≥ç ‡≤∏‡≥Ç‡≤™‡≤∞‡≥ç ‡≤∏‡≥Ç‡≤™‡≤∞‡≥ç
Not_offensive,‡≤®‡≤ø‡≤Ç‡≤¶‡≥Å ‡≤¨‡≥ç‡≤∞‡≥ã ‡≤®‡≤ø‡≤ú‡≤µ‡≤æ‡≤¶ ‡≤ü‡≥ç‡≤Ø‡≤æ‡≤≤‡≥Ü‡≤Ç‡≤ü‡≥ç ‡≤Ö‡≤Ç‡≤¶‡≥ç‡≤∞‡≥Ü
Not_offensive,Leak alla adu theater run mugdidakke nAmazon prime hakidare
Not_offensive,‡≤®‡≤®‡≤ó‡≥Ü ‡≤á‡≤∑‡≥ç‡≤ü‡≤µ‡≤æ‡≤¶ ‡≤ï‡≤•‡≥Ü ‡≤§‡≥ä‡≤ó‡≤∞‡≤ø ‡≤§‡≤ø‡≤™‡≥ç‡≤™
Offensive_Targeted_Insult_Group,@naveen v nim gandu balegara movie yalla utterflop modlu side acting madudu ‡≤¨‡≤ø‡≤°‡≥Å anu modlu
Offensive_Targeted_Insult_Group,Tiktok uninstall madodakku modlu ee changlu nan maklanna modlu desha dinda delete madbeku Guru
not-Kannada,Super bro
Not_offensive,‡≤∏‡≤∞‡≥ç ‡≤®‡≤ø‡≤Æ‡≥ç‡≤Æ ‡≤™‡≤æ‡≤¶‡≤ó‡≤≥‡≤ø‡≤ó‡≥Ü ‡≤®‡≤Æ‡≤∏‡≥ç‡≤ï‡≤æ‡≤∞‡≤ó‡≤≥‡≥Å
Offensive_Targeted_Insult_Individual,Ivnu soole maga pakka. Ivnu yash fan bandu hen kelsa madthavne nodro soole maga
Offensive_Targeted_Insult_Group,1.6k people are not liking this....innna en beko maaraya nimga ...
Not_offensive,Yar yaru ashwattama badukidanendu nambutero Elli ondu like madi
Not_offensive,Chinndikanna neenu neenu nam tharane madthadthiya. Super
Offensive_Targeted_Insult_Other,Kelv bvc galu ..nam India dalli eddare Anna...a bvc galu chna ap use madthare anna
Not_offensive,Dialog super agii oddidya anna.. super
not-Kannada,@PRAJWAL NAYAK Karnataka bro
Offensive_Targeted_Insult_Other,Howdu bro app uninstall madudrea avrig amount hogodu kamiagutea plzzzzz uninstall Madi beavarce appp Adu thuuuuu
Not_offensive,Best movie... Keep it up
Not_offensive,Bro ee game yavdu and nimma ella video super boss
not-Kannada,Teja Madarkhandi Teju
Offensive_Targeted_Insult_Individual,Avalige chapalige odiri
Not_offensive,‡≤π‡≤æ‡≤°‡≥Å ‡≤∏‡≥Å‡≤™‡≤∞‡≥ç ‡≤∏‡≤Ç‡≤ó‡≥Ä‡≤§ ‡≤∏‡≤Ç‡≤Ø‡≥ã‡≤ú‡≤®‡≥Ü ‡≤∏‡≥Å‡≤™‡≤∞‡≥ç ‡≤∏‡≥Å‡≤™‡≤∞‡≥ç
Not_offensive,‡≤¶‡≥É‡≤∑‡≥ç‡≤ü‡≤ø ‡≤á‡≤µ‡≤®‡≥ä‡≤¨‡≥ç‡≤¨‡≤® ‡≤Æ‡≥á‡≤≤‡≤ø‡≤°‡≤ø n‡≤§‡≤™‡≥ç‡≤™‡≤¶‡≥Å ‡≤®‡≤ø‡≤ú ‡≤Æ‡≤®‡≤∞‡≤Ç‡≤ú‡≤®‡≥Ü
Offensive_Targeted_Insult_Individual,NKn idddu ‡≤ü‡≥ç‡≤∞‡≥ã‡≤≤‡≥ç ‡≤Ö‡≤Ç‡≤¶‡≥ç‡≤∞‡≥á...  ‡≤¨‡≥ç‡≤∞‡≥ã ‡≤®‡≤æ‡≤®‡≥Å ‡≤ü‡≤ø‡≤ï‡≥ç ‡≤ü‡≤æ‡≤ï‡≥ç ‡≤ó‡≥Ü ‡≤Ö‡≤°‡≤ø‡≤ï‡≥ç‡≤ü‡≥ç ‡≤Ü‡≤ó‡≤ø‡≤¶‡≥ç‡≤¶‡≥á... ‡≤¨‡≤ü‡≥ç ‡≤®‡≤Æ‡≥ç ‡≤¶‡≥á‡≤∂‡≤ï‡≥ç‡≤ï‡≤ø‡≤Ç‡≤§ ‡≤¶‡≥ä‡≤°‡≥ç‡≤¶‡≤≤‡≥ç‡≤≤  ‡≤à ‡≤ü‡≤ø‡≤ï‡≥ç ‡≤ü‡≤æ‡≤ï‡≥ç... ‡≤Ö‡≤∑‡≥ç‡≤ü‡≥á... ‡≤á‡≤®‡≥ç‡≤®‡≥ã‡≤Ç‡≤¶‡≥ç ‡≤µ‡≤ø‡≤∑‡≥ç‡≤Ø ‡≤®‡≤Æ‡≥ç ‡≤¶‡≥á‡≤∂‡≤¶‡≥ç ‡≤∞‡≥ä‡≤™‡≥ä‡≤∏‡≥ã ‡≤°‡≥å‡≤®‡≥ç‡≤≤‡≥ã‡≤°‡≥ç ‡≤Æ‡≤æ‡≤°‡≤ø ‡≤ì‡≤™‡≤®‡≥ç ‡≤Æ‡≤æ‡≤°‡≤ø ‡≤®‡≥ä‡≤°‡≥Å‡≤¶‡≥ç‡≤∞‡≥Å... ‡≤Ö‡≤µ‡≥ç‡≤®‡≤Æ‡≥ç‡≤Æ‡≤®‡≥ç  ‡≤Ü ‡≤ï‡≤ø‡≤§‡≥ç‡≤§‡≥ã‡≤¶‡≥ç  ‡≤Æ‡≥Å‡≤Ç‡≤°‡≥á ‡≤¨‡≤ø‡≤Ç‡≤¶‡≥Å ‡≤ó‡≥å‡≤°... ‡≤Ö‡≤¶‡≥ç‡≤∞‡≤≤‡≥ç‡≤≤‡≥Ç ‡≤∏‡≤æ‡≤Ø‡≥ç‡≤§‡≤æ‡≤µ‡≥ç‡≤≥‡≥á ‡≤ó‡≥Å‡≤∞‡≥Å.... ‡≤Ö‡≤µ‡≥ç‡≤≥‡≥ç‡≤≥‡≤ø‡≤ó‡≥á ‡≤è‡≤®‡≤æ‡≤¶‡≥ç‡≤∞‡≥Å ‡≤Æ‡≤æ‡≤°‡≤ø ‡≤´‡≥ã‡≤®‡≥ç ‡≤Ø‡≥Å‡≥Ç‡≤∏‡≥á  ‡≤Æ‡≤æ‡≤°‡≥ç‡≤¨‡≤æ‡≤∞‡≥ç‡≤¶‡≥Å ‡≤Ü ‡≤§‡≤∞ ‡≤ü‡≥ç‡≤∞‡≥ã‡≤≤‡≥ç ‡≤Æ‡≤æ‡≤°‡≤ø ‡≤¨‡≥ç‡≤∞‡≥ã....  ‡≤Ö‡≤µ‡≥ç‡≤®‡≤Æ‡≥ç‡≤Æ‡≤®‡≥ç ‡≤π‡≤Ç‡≤¶‡≤ø ‡≤§‡≤ø‡≤ï‡≤¶‡≥ç ‡≤§‡≤∞ ‡≤á‡≤∞‡≥ã ‡≤Æ‡≥Ç‡≤§‡≤ø‡≤® ‡≤®‡≥ä‡≤°‡≤ï‡≥ç‡≤ï‡≤æ‡≤ï‡≥ç‡≤§‡≤ø‡≤≤‡≥ç‡≤≤....
Not_offensive,Super guru pakka block buster
Not_offensive,‡≤ö‡≤Ç‡≤¶‡≤®‡≥ç ‡≤∂‡≥Ü‡≤ü‡≥ç‡≤ü‡≤ø ‡≤ü‡≥ç‡≤∞‡≥ä‡≤≤‡≥ç ‡≤µ‡≤ø‡≤°‡≤ø‡≤Ø‡≥ã ‡≤®‡≥Ä‡≤µ‡≥Å ‡≤®‡≥ã‡≤°‡≤ø ‡≤®‡≥Ü‡≤ó‡≤°‡≥ç‡≤°‡≥Ü ‡≤á‡≤¶‡≥ç‡≤∞‡≥Ü ‡≤®‡≤æ‡≤µ‡≥ç ‡≤ó‡≥ç‡≤Ø‡≤æ‡≤∞‡≤Ç‡≤ü‡≤ø
not-Kannada,@Krithika Raja
not-Kannada,@Hanumanthappa H S q1*50
not-Kannada,Upload volume 2 please
Not_offensive,Namma kannada chitra ranga evrge olle avakasha galna kodli antha kelkotini
not-Kannada,Jai appu boss
Offensive_Targeted_Insult_Other,Enu Kannada antha matadtaro ee goobegalu. Thoo!... Tumba chennagi maadideera. Avru nim jote tumba chennagi maadidare. Enu maadiddu
not-Kannada,Super song sir
Not_offensive,dilip kumar nanu kuda bro
Not_offensive,Lots love from kannadigas
Not_offensive,‡≤Ö‡≤≠‡≤ø‡≤®‡≤Ø ‡≤ö‡≤ï‡≥ç‡≤∞‡≤µ‡≤∞‡≥ç‡≤§‡≤ø ‡≤ï‡≤ø‡≤ö‡≥ç‡≤ö ‡≤∏‡≥Å‡≤¶‡≥Ä‡≤™‡≥ç ‡≤Ö‡≤µ‡≤∞ ‡≤ï‡≤°‡≥Ü‡≤Ø‡≤ø‡≤Ç‡≤¶.. All tha best movi
Not_offensive,No doubt edu charitre srustiso  avatharane
Not_offensive,Super  maga
Not_offensive,Nan lwda dalli edane band nodkondu ogo gandu
Not_offensive,Rip chiru sir
Not_offensive,‡≤¶‡≤ø‡≤Ø‡≤æ ‡≤¨‡≤∞‡≤ø ‡≤ö‡≤≤‡≤®‡≤ö‡≤ø‡≤§‡≥ç‡≤∞ ‡≤Æ‡≤æ‡≤§‡≥ç‡≤∞‡≤µ‡≤≤‡≥ç‡≤≤ ‡≤®‡≤Æ‡≥ç‡≤Æ ‡≤ï‡≤®‡≥ç‡≤®‡≤° ‡≤ö‡≤≤‡≤®‡≤ö‡≤ø‡≤§‡≥ç‡≤∞ ‡≤∞‡≤Ç‡≤ó‡≤¶ ‡≤á‡≤§‡≤ø‡≤π‡≤æ‡≤∏‡≤¶‡≤≤‡≥ç‡≤≤‡≥Ü ‡≤é‡≤Ç‡≤¶‡≥Å ‡≤é‡≤Ç‡≤¶‡≥Ü‡≤Ç‡≤¶‡≥Ç ‡≤Æ‡≤∞‡≥Ü‡≤Ø‡≤æ‡≤≤‡≤æ‡≤ó‡≤¶ ‡≤Ö‡≤™‡≤∞‡≥Ç‡≤™‡≤¶ ‡≤Ö‡≤¶‡≥ç‡≤≠‡≥Å‡≤§‡≤µ‡≤æ‡≤¶ ‡≤ï‡≤®‡≥ç‡≤®‡≤° ‡≤ö‡≤≤‡≤®‡≤ö‡≤ø‡≤§‡≥ç‡≤∞‡≤¶ ‡≤Æ‡≤π‡≤æ‡≤®‡≥ç ‡≤ï‡≥É‡≤§‡≤ø ‡≤à ‡≤ö‡≤≤‡≤®‡≤ö‡≤ø‡≤§‡≥ç‡≤∞‡≤µ‡≤®‡≥ç‡≤® ‡≤®‡≥Ä‡≤µ‡≥Å‡≤ó‡≤≥‡≥Ü‡≤≤‡≥ç‡≤≤‡≤∞‡≥Ç ‡≤®‡≥ã‡≤°‡≤≤‡≥Ü ‡≤¨‡≥á‡≤ï‡≥Å ‡≤¶‡≤ø‡≤Ø‡≤æ ‡≤ö‡≤≤‡≤®‡≤ö‡≤ø‡≤§‡≥ç‡≤∞‡≤¶ ‡≤®‡≤ø‡≤∞‡≥ç‡≤¶‡≥á‡≤∂‡≤ï‡≤®‡≤ø‡≤ó‡≥Ü ‡≤®‡≤®‡≥ç‡≤®‡≤¶‡≥ä‡≤Ç‡≤¶‡≥Å ‡≤™‡≥ç‡≤∞‡≥Ä‡≤§‡≤ø‡≤Ø ‡≤®‡≤Æ‡≤∏‡≥ç‡≤ï‡≤æ‡≤∞‡≤ó‡≤≥‡≥Å ‡≤®‡≤Æ‡≥ç‡≤Æ ‡≤ï‡≤®‡≥ç‡≤®‡≤° ‡≤ö‡≤≤‡≤®‡≤ö‡≤ø‡≤§‡≥ç‡≤∞‡≤ï‡≥ç‡≤ï‡≥Ü ‡≤®‡≥Ä‡≤µ‡≥ä‡≤¨‡≥ç‡≤¨‡≤∞‡≥Å ‡≤Æ‡≤§‡≥ç‡≤§‡≥ä‡≤¨‡≥ç‡≤¨ ‡≤™‡≥Å‡≤ü‡≥ç‡≤ü‡≤£‡≥ç‡≤£ ‡≤ï‡≤£‡≥ç‡≤£‡≤ó‡≤æ‡≤≤‡≥çnn ‡≤µ‡≤ø‡≤≤‡≥á‡≤ú‡≥ç ‡≤∞‡≥ã‡≤°‡≥ç ‡≤´‡≤ø‡≤≤‡≤Ç‡≤∏‡≥ç
Not_offensive,Kannada ne best adrallu kannada songs adre hen andkondodira
Offensive_Targeted_Insult_Other,‡≤ö‡≤Ç‡≤¶‡≤®‡≥ç ‡≤∂‡≥Ü‡≤ü‡≥ç‡≤ü‡≤ø ‡≤ü‡≥ç‡≤∞‡≥ä‡≤≤‡≥ç ‡≤µ‡≤ø‡≤°‡≤ø‡≤Ø‡≥ã ‡≤®‡≥Ä‡≤µ‡≥Å ‡≤®‡≥ã‡≤°‡≤ø ‡≤®‡≥Ü‡≤ó‡≤°‡≥ç‡≤°‡≥Ü ‡≤á‡≤¶‡≥ç‡≤∞‡≥Ü ‡≤®‡≤æ‡≤µ‡≥ç ‡≤ó‡≥ç‡≤Ø‡≤æ‡≤∞‡≤Ç‡≤ü‡≤ø
Not_offensive,ü§£ü§£ü§£brooo I'm big fan
Not_offensive,‡≤™‡≥ç‡≤∞‡≤Ø‡≤§‡≥ç‡≤®‡≤ï‡≥ç‡≤ï‡≥Ü ‡≤¶‡≥ä‡≤°‡≥ç‡≤° ‡≤∏‡≤≤‡≤æ‡≤Ç
Not_offensive,Sathyavaglu movie maatra ulty
Not_offensive,‡≤Ü‡≤Ç‡≤ó‡≥ç‡≤≤ ‡≤≠‡≤æ‡≤∑‡≥Ü ‡≤¨‡≤≥‡≤∏‡≥ã ‡≤ï‡≤æ‡≤≤‡≤¶‡≤≤‡≥ç‡≤≤‡≤ø ‡≤Ö‡≤ö‡≥ç‡≤ö ‡≤ï‡≤®‡≥ç‡≤®‡≤°‡≤¶‡≤≤‡≥ç‡≤≤‡≤ø ‡≤∏‡≤æ‡≤π‡≤ø‡≤§‡≥ç‡≤Ø ‡≤¨‡≤∞‡≥Ü‡≤¶‡≤ø‡≤∞‡≥Å‡≤µ ‡≤¨‡≤∞‡≤π‡≤ó‡≤æ‡≤∞‡≤∞‡≤ø‡≤ó‡≥Ü ‡≤ï‡≥ã‡≤ü‡≤ø ‡≤ï‡≥ã‡≤ü‡≤ø ‡≤®‡≤Æ‡≤®‡≤ó‡≤≥‡≥Å
Not_offensive,‡≤Ü‡≤≤‡≥ç ‡≤¶‡≤ø ‡≤¨‡≥Ü‡≤∏‡≥ç‡≤ü‡≥ç ‡≤°‡≤ø ‡≤¨‡≤æ‡≤∏‡≥ç ‡≤π‡≥Å‡≤°‡≥Å‡≤ó‡≤∞‡≥Å
Not_offensive,‡≤µ‡≤ø‡≤ú‡≤Ø‡≥ç ‡≤™‡≥ç‡≤∞‡≤ï‡≤æ‡≤∂‡≥ç ‡≤Ö‡≤µ‡≤∞ ‡≤¶‡≥ç‡≤µ‡≤®‡≤ø ‡≤®‡≤æ‡≤∞‡≤æ‡≤Ø‡≤£‡≤®‡≤ø‡≤ó‡≥Ü ‡≤π‡≥á‡≤≥‡≤ø ‡≤Æ‡≤æ‡≤°‡≤ø‡≤∏‡≤ø‡≤¶‡≤Ç‡≤§‡≤ø‡≤¶‡≥Ü..
Offensive_Targeted_Insult_Individual,Guru deshgaande swantha picture tegeyo sule maga alla.. Yaav picture remake idhuü§î
Offensive_Untargetede,La video ako su.....‡•§
Not_offensive,Banda  #AvanesrimannarayananAll the best
not-Kannada,Kiran MB it's swamake
Not_offensive,Ravichandran vishnuwardha raajkumar Shankar nag elruna onde sari nodidangaythu..
not-Kannada,Movie is promising
not-Kannada,Super Comedy togari tippa
Not_offensive,Bro hagandr kgf asn 5 language alli bidugade agute avaga bere industri avaru hage andre yenagutte
not-Kannada,Super Kannada Karnataka and kanadiga
Not_offensive,Godiyaga ata aadtida
Offensive_Targeted_Insult_Individual,RIP rashmika mandhana
Offensive_Targeted_Insult_Other,Sumne irru guru yake kiriku
not-Kannada,Lyrics lit VP voice
Not_offensive,love you ya
Not_offensive,ü•∞ü•∞ü•∞ü•∞Super song ü•∞ü•∞ü•∞ü•∞
Offensive_Targeted_Insult_Individual,@Reginald Kelly ‡≤≤‡≥Ü ‡≤§‡≥Å‡≤ï‡≤æ‡≤≤‡≤ø ‡≤®‡≤ø‡≤®‡≥ç‡≤® ‡≤∏‡≤Ç‡≤∏‡≥ç‡≤ï‡≥É‡≤§‡≤ø ‡≤§‡≥ã‡≤∞‡≤ø‡≤∏‡≥Å‡≤§‡≥ç‡≤§‡≥Ü ‡≤®‡≤ø‡≤®‡≥ç‡≤® ‡≤é‡≤∑‡≥ç‡≤ü‡≥Å ‡≤ï‡≤ö‡≤° ‡≤Ö‡≤Ç‡≤§
Not_offensive,D boss  fans full support. Successful hagli movie
Offensive_Targeted_Insult_Individual,Nimge istu sullu heloke Hege manasu barutte
not-Kannada,Bhai kgf 2 kab ayegi
not-Kannada,Great sir salute for him
Not_offensive,Super bgm masth ....
Offensive_Targeted_Insult_Group,Modalu prana mukya amele cinema... Plz don't lose hope DIYA chitratanda.... Wait for time
Offensive_Untargetede,BoLi Maklu ee tara videos nu dislike maadtare
Not_offensive,songa  super bro
Not_offensive,‡≤§‡≥Å‡≤Ç‡≤¨‡≤æ ‡≤ö‡≥Ü‡≤®‡≥ç‡≤®‡≤æ‡≤ó‡≤ø ‡≤µ‡≤ø‡≤ö‡≤æ‡≤∞ ‡≤∏‡≤Ç‡≤ï‡≤ø‡≤∞‡≤£ ‡≤Æ‡≥Ç‡≤°‡≤ø‡≤∏‡≤ø‡≤¶‡≥ç‡≤¶‡≤æ‡≤∞‡≥Ü  ‡≤≠‡≤æ‡≤∞‡≤§ ‡≤™‡≥ç‡≤∞‡≤™‡≤Ç‡≤ö‡≤¶‡≤≤‡≥ç‡≤≤‡≤ø ‡≤π‡≤ø‡≤Ç‡≤¶‡≥Ü ‡≤â‡≤≥‡≤ø‡≤Ø‡≤≤‡≥Å ‡≤∞‡≤æ‡≤ú‡≤ï‡≥Ä‡≤Ø ‡≤µ‡≥ç‡≤Ø‡≤µ‡≤∏‡≥ç‡≤•‡≥Ü ‡≤í‡≤Ç‡≤¶‡≥Å ‡≤™‡≥ç‡≤∞‡≤¨‡≤≤ ‡≤ï‡≤æ‡≤∞‡≤£  ‡≤™‡≤ï‡≥ç‡≤∑ ‡≤™‡≤æ‡≤§ ‡≤∏‡≥ç‡≤µ‡≤ú‡≤® ‡≤∏‡≥å‡≤Æ‡≥ç‡≤Ø‡≤§‡≥Ü ‡≤∏‡≤π ‡≤ï‡≤æ‡≤∞‡≤£ ‡≤é‡≤Ç‡≤¨‡≥Å‡≤¶‡≥Å  ‡≤§‡≤ø‡≤≥‡≤ø‡≤∏‡≤ø‡≤¶‡≥ç‡≤¶‡≤æ‡≤∞‡≥Ü n‡≤ï‡≥å‡≤∂‡≤≤‡≥ç‡≤Ø ‡≤Ö‡≤≠‡≤ø‡≤µ‡≥É‡≤¶‡≥ç‡≤ß‡≤ø‡≤ó‡≥Ü ‡≤π‡≥á‡≤ö‡≥ç‡≤ö‡≤ø‡≤® ‡≤Æ‡≤π‡≤§‡≥ç‡≤µ ‡≤ï‡≥ä‡≤°‡≤¨‡≥á‡≤ï‡≤æ‡≤ó‡≤ø‡≤¶‡≥á   ‡≤é‡≤Ç‡≤¨‡≥Å‡≤¶‡≥Å ‡≤∏‡≤π ‡≤∏‡≤§‡≥ç‡≤Ø
Not_offensive,Booking start  ‡≤Æ‡≤æ‡≤°‡≤ø
Not_offensive,appu boss fans nlike madi
not-Kannada,Usefull tq amar prasad
Not_offensive,‡≤ï‡≤®‡≥ç‡≤®‡≤°‡≤¶ ‡≤ï‡≤ø‡≤∞‡≥Ä‡≤ü ‡≤á‡≤¶‡≥Å
Not_offensive,‡≤ó‡≤ú‡≤ø  ‡≤Ü‡≤∂‡≥Å
Not_offensive,‡≤´‡≥à‡≤ü‡≥ç ‡≤∏‡≥Ä‡≤®‡≥ç ‡≤Ö‡≤Æ‡≥á‡≤ú‡≤ø‡≤Ç‡≤ó‡≥ç ‡≤™‡≥ç‡≤∞‡≤ú‡≥ç‡≤µ‡≤≤‡≥ç ‡≤≤‡≥Å‡≤ï‡≥ç‡≤ï‡≥Å ‡≤¨‡≥ç‡≤Ø‡≥Ç‡≤ü‡≤ø‡≤´‡≥Å‡≤≤‡≥ç ‡≤Ü‡≤≤‡≥ç ‡≤¶‡≤ø ‡≤¨‡≥Ü‡≤∏‡≥ç‡≤ü‡≥ç ‡≤ú‡≤Ç‡≤ü‡≤≤‡≥ç‡≤Æ‡≥ç‡≤Ø‡≤æ‡≤®‡≥ç    ‡≤´‡≥ç‡≤∞‡≤Æ‡≥ç ‡≤°‡≤ø ‡≤¨‡≤æ‡≤∏‡≥ç ‡≤´‡≥ç‡≤Ø‡≤æ‡≤®‡≥ç
Offensive_Targeted_Insult_Individual,Anna sumne video madedhya nodu
Not_offensive,‡≤∏‡≥Ç‡≤™‡≤∞‡≥ç ‡≤π‡≤ø‡≤ü‡≥ç‡≤ü‡≥ç ‡≤∏‡≤æ‡≤Ç‡≤ó‡≥ç
Not_offensive,‡≤§‡≥Å‡≤Ç‡≤¨‡≤æ ‡≤ö‡≤®‡≥ç‡≤®‡≤æ‡≤ó‡≤ø ‡≤Æ‡≥Ç‡≤°‡≤ø ‡≤¨‡≤Ç‡≤¶‡≤ø‡≤¶‡≥Ü ‡≤Æ‡≤§‡≥ç‡≤§‡≥Å ‡≤®‡≤ø‡≤∞‡≥Ä‡≤ï‡≥ç‡≤∑‡≥Ü ‡≤π‡≥Å‡≤ü‡≥ç‡≤ü‡≤ø‡≤∏‡≥Å‡≤µ‡≤Ç‡≤§‡≤ø‡≤¶‡≥Ü. ‡≤∏‡≤ø‡≤®‡≤ø‡≤Æ‡≤æ ‡≤¨‡≤ø‡≤°‡≥Å‡≤ó‡≤°‡≥Ü‡≤ó‡≥Ü ‡≤ï‡≤æ‡≤Ø‡≥Å‡≤§‡≥ç‡≤§‡≥á‡≤µ‡≥Ü. ‡≤í‡≤≥‡≥ç‡≤≥‡≥Ü‡≤Ø‡≤¶‡≤æ‡≤ó‡≤≤‡≤ø
Not_offensive,Pacca edu charetre shrushisti  so avatara
Not_offensive,Super rakshit shetti ajanish
not-Kannada,I too agree
Not_offensive,Guru nin voice en guru adu ha ha bombat__ series agi ond heltini nanage enadru nim videos inda nakku nakku hotte novu bandre neeve javabdari helidini
Not_offensive,‡≤ú‡≤°‡≥ç ‡≤ú‡≤°‡≥ç ‡≤®‡≤ï‡≥ç‡≤ï...
not-Kannada,@gowthami gowthami wow nice...
Not_offensive,Pade pade kelabeku anisutte.....
Not_offensive,Ashwathama. Vadhukkidhe.evathu. video. Nodithunanu. Jai. Babaji
Offensive_Targeted_Insult_Individual,@VARAPRASAD K K soole magne avrige Bari jaati fabsallo Ella jaatilu fans idaare neen heldyalla jaati naayi antha pakka gawda kano naanu nin Amman soole magne neenu as darshan naydu jaati irbeku  dagaar dagaar dam dam dagaar soole maga darshan
Not_offensive,Sir Nam kannada hudga andre enu anta ha loper manganna ni ge torsi sir next film nalli in yavano sikkudre avna hinde nu hogtale avlu kannadigara takattu enu anta avlige gottagbeku
not-Kannada,Super movie sir
Not_offensive,‡≤ö‡≤Ç‡≤¶‡≤®‡≥ç ‡≤∂‡≥Ü‡≤ü‡≥ç‡≤ü‡≤ø ‡≤ü‡≥ç‡≤∞‡≥ä‡≤≤‡≥ç ‡≤µ‡≤ø‡≤°‡≤ø‡≤Ø‡≥ã ‡≤®‡≥Ä‡≤µ‡≥Å ‡≤®‡≥ã‡≤°‡≤ø ‡≤®‡≥Ü‡≤ó‡≤°‡≥ç‡≤°‡≥Ü ‡≤á‡≤¶‡≥ç‡≤∞‡≥Ü ‡≤®‡≤æ‡≤µ‡≥ç ‡≤ó‡≥ç‡≤Ø‡≤æ‡≤∞‡≤Ç‡≤ü‡≤ø
Not_offensive,Bro Ten minutes + video madi bro niuo mado video na nodta edre nodtane erbeku anisutte
Not_offensive,Super rakshith shety sar....
not-Kannada,Super bro
not-Kannada,Zing zing amazing
Not_offensive,Subscribed... Bro... Benki ninu
not-Kannada,Give link to that pandi kokku song ....
Offensive_Untargetede,Lol telegram bandirodu alla Amazon prime bandirodu adanna pirate madi telegram hakidarenNivgalu theatre gu hogalla mobile bandru pirate nodtira
Not_offensive,@Raja Vishnuvardhana yarge agli 1st respect kododu mukya
Not_offensive,Hang aytu
not-Kannada,So nice bro
Offensive_Targeted_Insult_Other,Sulemakale tic tok uninstall madi
Not_offensive,En dailouges guru nsuper gurunYou rocking gurunNin dailouges keludmele nim channel subscribe maadthiddeeni hinge continue maadu gurunInnondibru dingurbilligalu tiktok li buildup kodthidru avrnu ee videodalli topgersidre chanaagirthitthu
Offensive_Targeted_Insult_Individual,@Kiccha Vitthal ‡≤ï‡≤ö‡≥ç‡≤ö‡≤æ ‡≤∏‡≥Å‡≤¶‡≥Ü‡≤™‡≤ø
Not_offensive,Supar anna love you pajuanna....
Not_offensive,‡≤™‡≤ï‡≥ç‡≤ï‡≤æ ‡≤°‡≤ø ‡≤¨‡≤æ‡≤∏‡≥ç ‡≤Ö‡≤≠‡≤ø‡≤Æ‡≤æ‡≤®‡≤ø ‡≤°‡≤ø ‡≤¨‡≤æ‡≤∏‡≥ç ‡≤´‡≥ç‡≤Ø‡≤æ‡≤®‡≥ç ‡≤ï‡≤°‡≥Ü‡≤Ø‡≤ø‡≤Ç‡≤¶ ‡≤Ü‡≤≤‡≥ç ‡≤¶‡≤ø ‡≤¨‡≥Ü‡≤∏‡≥ç‡≤ü‡≥ç
Offensive_Targeted_Insult_Group,‡≤Ö‡≤£‡≥ç‡≤£ ‡≤á‡≤®‡≥ç‡≤®‡≥ä‡≤Ç‡≤¶‡≥ç ‡≤∏‡≥ç‡≤µ‡≤≤‡≥ç‡≤™ ‡≤â‡≤ó‡≤ø‡≤∞‡≤ø ‡≤Ö‡≤µ‡≤∞‡≤ø‡≤ó‡≥Ü ‡≤®‡≤Æ‡≥ç‡≤Æ ‡≤Ø‡≥ã‡≤ß‡≤∞ ‡≤¨‡≤ó‡≥ç‡≤ó‡≥Ü ‡≤ö‡≤ø‡≤Ç‡≤§‡≤®‡≥Ü ‡≤Æ‡≤æ‡≤°‡≥Å‡≤§‡≥ç‡≤§‡≤ø‡≤≤‡≥ç‡≤≤ ‡≤§‡≤ø‡≤∞‡≥Å‡≤¨‡≥ã‡≤ï‡≤ø ‡≤á‡≤®‡≥ç‡≤®‡≥Å ‡≤∏‡≥ç‡≤µ‡≤≤‡≥ç‡≤™ ‡≤ö‡≥Ü‡≤®‡≥ç‡≤®‡≤æ‡≤ó‡≤ø ‡≤â‡≤ó‡≤ø‡≤∞‡≤ø ‡≤Ö‡≤£‡≥ç‡≤£
Not_offensive,‡≤á‡≤¶‡≥Å ‡≤ö‡≤∞‡≤ø‡≤§‡≥ç‡≤∞‡≥Ü ‡≤∏‡≥É‡≤∑‡≥ç‡≤ü‡≤ø‡≤Ø‡≥ã ‡≤Ö‡≤µ‡≤§‡≤æ‡≤∞‡≤æ...
Not_offensive,@Krishna Tirividi ü§¶‚Äçü§¶‚Äç
not-Kannada,Good story teller. Awesomeeeee
Not_offensive,Ibrunu kannadadavre ibru belibeku. support maadi compare maadbedi
Not_offensive,‡≤ü‡≥ç‡≤∞‡≥ä‡≤≤‡≥ç ‡≤Ö‡≤®‡≥ç‡≤® ‡≤∏‡≤∞‡≤ø‡≤Ø‡≤æ‡≤ó‡≤ø ‡≤â‡≤™‡≤Ø‡≥ã‡≤ó‡≤ø‡≤∏‡≥ç‡≤•‡≤π‡≤ø‡≤¶‡≤ø‡≤∞. ‡≤∏‡≥Ç‡≤™‡≤∞‡≥ç
Not_offensive,2020 Blockbuster hit movie. Jai Karnataka
Offensive_Targeted_Insult_Group,Lo d gujaalds neev support maadida yaav sinimaagalu succes agilla .. yaakro sumne buildep .. simple example andre ..amar movienu ..fail maadudralo .ambareesh gintha name bekittha...‡≤Æ‡≤ß‡≥ç‡≤Ø‡≥Ü ‡≤®‡≥Ä‡≤µ‡≥ç ‡≤π‡≥ã‡≤ó‡≤ø ‡≤π‡≤æ‡≤≥‡≥ç ‡≤Æ‡≤æ‡≤°‡≥Å‡≤¶‡≥ç‡≤∞‡≤≤‡≥ã ..
not-Kannada,Superb song Guru
Not_offensive,‡≤ü‡≤ø‡≤ï‡≥ç ‡≤ü‡≤æ‡≤ï‡≥ç #‡≤ï‡≥ç‡≤∞‡≤ø‡≤Ø‡≥á‡≤ü‡≤ø‡≤µ‡≥ç ‡≤ï‡≤®‡≥ç‡≤®‡≤°‡≤ø‡≤ó ‡≤®‡≤ø‡≤Æ‡≤ó‡≥Ü ‡≤®‡≤Æ‡≥ç‡≤Æ #‡≤ï‡≤®‡≥ç‡≤®‡≤° ‡≤ú‡≤®‡≤§‡≥Ü‡≤Ø‡≤ø‡≤Ç‡≤¶ ‡≤§‡≥Å‡≤Ç‡≤¨‡≥Å ‡≤π‡≥É‡≤¶‡≤Ø‡≤¶ #‡≤ß‡≤®‡≥ç‡≤Ø‡≤µ‡≤æ‡≤¶‡≤ó‡≤≥‡≥Å ‡≤®‡≥Ä‡≤µ‡≥Å ‡≤á‡≤¶‡≥á ‡≤∞‡≥Ä‡≤§‡≤ø‡≤Ø‡≤ø‡≤Ç‡≤¶ ‡≤Æ‡≥Å‡≤Ç‡≤¶‡≥Ü ‡≤á‡≤®‡≥ç‡≤®‡≥Ç ‡≤π‡≥Ü‡≤ö‡≥ç‡≤ö‡≤ø‡≤® ‡≤µ‡≤ø‡≤°‡≤ø‡≤Ø‡≥ã ‡≤ó‡≤≥‡≤®‡≥ç‡≤®‡≥Å ‡≤Æ‡≤æ‡≤°‡≤¨‡≥á‡≤ï‡≥Ü‡≤Ç‡≤¶‡≥Å ‡≤§‡≤Æ‡≥ç‡≤Æ‡≤≤‡≥ç‡≤≤‡≤ø ‡≤µ‡≤ø‡≤®‡≤Ç‡≤§‡≤ø ‡≤ú‡≥à ‡≤π‡≤ø‡≤Ç‡≤¶‡≥ç ‡≤ú‡≥à #‡≤ï‡≤∞‡≥ç‡≤®‡≤æ‡≤ü‡≤ï ‡≤Æ‡≤æ‡≤§‡≥Ü
Not_offensive,‡≤á‡≤¶‡≥Å ‡≤ö‡≤∞‡≤ø‡≤§‡≥ç‡≤∞‡≥Ü ‡≤∏‡≥É‡≤∑‡≥ç‡≤ü‡≤ø‡≤∏‡≥Å‡≤µ ‡≤π‡≥ä‡≤∏ ‡≤ö‡≤≤‡≤®‡≤ö‡≤ø‡≤§‡≥ç‡≤∞n ‡≤Ø‡≤æ‡≤µ‡≤¶‡≥Å ‡≤Ö‡≤¶‡≥Ån‡≤Ö‡≤µ‡≤®‡≥á ‡≤∂‡≥ç‡≤∞‡≥Ä‡≤Æ‡≤®‡≥ç‡≤®‡≤∞‡≤æ‡≤Ø‡≤£
Offensive_Targeted_Insult_Other,Yappa huchhu hidustide.....asn.....awesom
not-Kannada,Same here guru
Offensive_Targeted_Insult_Individual,@Nandi Parthasarathi ‡≤®‡≤Ç‡≤¶‡≤ø‡≤®‡≤ø ‡≤®‡≤Ç‡≤¶‡≤ø‡≤®‡≤ø ‡≤®‡≤ø‡≤®‡≥ç ‡≤§‡≥Å‡≤≤‡≥ç‡≤≤‡≥ç ‡≤ï‡≥ä‡≤°‡≥Ü
not-Kannada,Bro super  nice
Not_offensive,Trailer ultimate ...  ‡≤∏‡≤ø‡≤®‡≤ø‡≤Æ‡≤æ‡≤®‡≥Ç ‡≤ö‡≥Ü‡≤®‡≥ç‡≤®‡≤æ‡≤ó‡≤ø‡≤∞‡≤¨‡≤π‡≥Å‡≤¶‡≥Å ‡≤ú‡≤Ç‡≤ü‡≤≤‡≥ç ‡≤Æ‡≥ç‡≤Ø‡≤æ‡≤®‡≥ç ‡≤ö‡≤ø‡≤§‡≥ç‡≤∞‡≤§‡≤Ç‡≤°‡≤ï‡≥ç‡≤ï‡≥Ü ‡≤í‡≤≥‡≥ç‡≤≥‡≥Ü‡≤Ø‡≤¶‡≤æ‡≤ó‡≤≤‡≤ø... #‡≤™‡≥ç‡≤∞‡≤ú‡≥ç‡≤µ‡≤≤‡≥ç ‡≤¶‡≥á‡≤µ‡≤∞‡≤æ‡≤ú‡≥ç.  Look super ü§©ü§©
not-Kannada,I like it
Not_offensive,‡≤§‡≥Å‡≤Ç‡≤¨‡≤æ ‡≤§‡≥Å‡≤Ç‡≤¨‡≤æ ‡≤ö‡≥Ü‡≤®‡≥ç‡≤®‡≤æ‡≤ó‡≤ø‡≤¶‡≥Ü....proud to be sandal wood
not-Kannada,I like your voice bro
Not_offensive,‡≤ö‡≤Ç‡≤¶‡≤®‡≥ç ‡≤∂‡≥Ü‡≤ü‡≥ç‡≤ü‡≤ø ‡≤ü‡≥ç‡≤∞‡≥ä‡≤≤‡≥ç ‡≤µ‡≤ø‡≤°‡≤ø‡≤Ø‡≥ã ‡≤®‡≥Ä‡≤µ‡≥Å ‡≤®‡≥ã‡≤°‡≤ø ‡≤®‡≥Ü‡≤ó‡≤°‡≥ç‡≤°‡≥Ü ‡≤á‡≤¶‡≥ç‡≤∞‡≥Ü ‡≤®‡≤æ‡≤µ‡≥ç ‡≤ó‡≥ç‡≤Ø‡≤æ‡≤∞‡≤Ç‡≤ü‡≤ø
Not_offensive,Youtube channel nalli ASN release promos upload madi sir
Not_offensive,‡≤Ø‡≤æ‡≤∞‡≤ø‡≤ó‡≥Ç ‡≤Ø‡≤æ‡≤∞‡≥Å ‡≤ó‡≥Ç‡≤§‡≥Ä‡≤≤‡≤æ ‡≤∏‡≤∞‡≥ç  ‡≤Ü‡≤¶‡≤∞‡≥á   ‡≤®‡≤Æ‡≥ç‡≤Æ ‡≤ß‡≥Å‡≤¢‡≥Ä‡≤Æ‡≥á ‡≤®‡≤Æ‡≤ó‡≥Ü ‡≤∏‡≤∞‡≥ç
Not_offensive,‡≤Ö‡≤¶‡≥ç‡≤≠‡≥Å‡≤§ ‡≤∏‡≤∞‡≥ç ‡≤ú‡≥á‡≤µ‡≤®‡≤¶‡≤≤‡≥ç‡≤≤‡≤ø ‡≤é‡≤Ç‡≤¶‡≥Å ‡≤∏‡≥ã‡≤≤‡≥Å‡≤¨‡≤æ‡≤∞‡≤¶‡≥Å great ‡≤®‡≤ø‡≤ú‡≤µ‡≤æ‡≤ó‡≤ø‡≤Ø‡≥Ç
not-Kannada,super Song
Offensive_Targeted_Insult_Group,‡≤ó‡≥Å‡≤∞‡≥Å ‡≤Æ‡≥Ç‡≤µ‡≤ø ‡≤® re release madri.... Entha kannda film na support madlilla andre. Kannada ‡≤¶‡≤≤‡≥ç‡≤≤‡≤ø ‡≤Æ‡≥Ä‡≤°‡≤ø‡≤Ø‡≤æ Yak beku. Bhari avru trp koskara... Nam ‡≤≠‡≤æ‡≤∑‡≥Ü use madkondu ‡≤¨‡≥á‡≤∞‡≥Ü ‡≤≠‡≤æ‡≤∑‡≥Ü. ‡≤´‡≤ø‡≤≤‡≥ç‡≤Æ‡≥ç ‡≤¨‡≤ó‡≥ç‡≤ó‡≥Ü. ‡≤§‡≥ã‡≤∞‡≤ø‡≤∏‡≥Å‡≤§‡≥ç‡≤§‡≤æ‡≤∞‡≥Ü.... Shame on kannda media..... But this film was. Heart touching
not-Kannada,Good jod broo
Offensive_Targeted_Insult_Individual,Oooo bindu aunty Nin badukbeka tik tok delete maduu
not-Kannada,Nice message bro
not-Kannada,U r great sir
Not_offensive,sakkath ag helde guru
Offensive_Targeted_Insult_Group,Ee news reporters sutti balasi information helodanna dayamadi badalayisikolli
Not_offensive,Dina hodante e song na hava kuda hecchagtide annoru like madi
Not_offensive,Chindi bro .....
Offensive_Targeted_Insult_Group,Benki music..yarappa dislike madirodu.... mostly rasmika mandana fans irbeku...nü§≠ü§≠ü§£ü§£ü§£ü§£songe he inge in movie nodudre...aste
Offensive_Targeted_Insult_Group,Ei movi pass aglile
Offensive_Targeted_Insult_Individual,3.38 Detector DivakarnJai #ASN
not-Kannada,Sooperb concept
not-Kannada,Z I p
Not_offensive,Super   n  ‡≤ú‡≥à ‡≤°‡≤ø ‡≤¨‡≤æ‡≤∏‡≥ç
Not_offensive,Crazy  guru ninu
not-Kannada,Ab ghodo ki race me gadhe bhi daudenge
Offensive_Targeted_Insult_Group,Kavravru ketavarala viraru
Offensive_Untargetede,nam kangu kansli amele nambtivi
Not_offensive,Yarg artha agilvo lyrics nodi
not-Kannada,@ganesha m by
Not_offensive,en helde guru
not-Kannada,Praveen Rangu o
not-Kannada,sleeping beauty syndrome
not-Kannada,Waw next level songsnBgm awesome nPakka blockbuster nVP sir bestnWho like VP sir voice like here
Not_offensive,‡≤®‡≤Æ‡≥ç‡≤Æ ‡≤ï‡≤®‡≥ç‡≤®‡≤° ‡≤á‡≤Ç‡≤°‡≤∏‡≥ç‡≤ü‡≥ç‡≤∞‡≥Ä‡≤∏‡≥ç ‡≤¨‡≥á‡≤∞‡≥Ü ‡≤≤‡≥ã‡≤ï‡≤ï‡≥ç‡≤ï‡≥Ü ‡≤§‡≤ó‡≥ä‡≤Ç‡≤°‡≥Å ‡≤π‡≥ã‡≤ó‡≥ä ‡≤∏‡≥Ä‡≤®‡≤ø‡≤Æ‡≤æ all the best rakshith sir
not-Kannada,Bhai koi mysore se hai ky comment krre
Not_offensive,‡≤ú‡≤Ç‡≤ü‡≤≤‡≥ç ‡≤Æ‡≥ç‡≤Ø‡≤æ‡≤®‡≥ç ‡≤ü‡≥ç‡≤∞‡≥à‡≤≤‡≤∞‡≥ç ‡≤§‡≥Å‡≤Ç‡≤¨‡≤æ ‡≤Ö‡≤¶‡≥ç‡≤≠‡≥Å‡≤§‡≤µ‡≤æ‡≤ó‡≤ø ‡≤Æ‡≥Ç‡≤°‡≤ø ‡≤¨‡≤Ç‡≤¶‡≤ø‡≤¶‡≥Ü ‡≤é‡≤≤‡≥ç‡≤≤‡≤∞‡≥Ç ‡≤®‡≥ã‡≤°‡≤ø ‡≤§‡≤™‡≥ç‡≤™‡≤¶‡≥á ‡≤∂‡≥á‡≤∞‡≥ç ‡≤Æ‡≤æ‡≤°‡≤ø ‡≤ú‡≥Ü‡≤Ç‡≤ü‡≤≤‡≥ç ‡≤Æ‡≥ç‡≤Ø‡≤æ‡≤®‡≥ç ‡≤ö‡≤ø‡≤§‡≥ç‡≤∞ ‡≤§‡≤Ç‡≤°‡≤¶‡≤µ‡≤∞‡≤ø‡≤ó‡≥Ü ‡≤∏‡≤™‡≥ã‡≤∞‡≥ç‡≤ü‡≥ç ‡≤Æ‡≤æ‡≤°‡≤øn
Not_offensive,‡≤ï‡≤∞‡≥ã‡≤®‡≤æ ‡≤µ‡≥à‡≤∞‡≤∏‡≥ç ‡≤π‡≤æ‡≤µ‡≤≥‡≤ø ‡≤Æ‡≥Å‡≤ó‡≤ø‡≤¶ ‡≤®‡≤Ç‡≤§‡≤∞ ‡≤Æ‡≤§‡≥ç‡≤§‡≥Ü ‡≤§‡≥Ü‡≤∞‡≥Ü‡≤ó‡≥Ü ‡≤§‡≤®‡≥ç‡≤®‡≤ø ‡≤¶‡≤Ø‡≤µ‡≤ø‡≤ü‡≥ç‡≤ü‡≥Å
not-Kannada,Goood work keep going
Not_offensive,Love you so much Anna
Not_offensive,What a messege he gave atlast...madabekad kelasa madi...aarogya kapadkolli...
Not_offensive,@KGF Adda boss
not-Kannada,@Thiru valluvan good bro...grt
Not_offensive,Sir nanu china apps na delete ‡≤Æ‡≤æ‡≤°‡≤ø‡≤¶‡≥Ä‡≤®‡≤ø sir
Offensive_Untargetede,Yelli tanka jana moodnambke bidalvo alli tanka inta shatnayakru useless videos haktane irrtare guru.nMahabharata tumba olle moral story. Jeevanakke bekagiro tumba paata ide idralli. Adunella use madkondu olle jeevna madbeku aste. nHindu Muslim Cristian etc etc... Yella naav naav madkondirodu. Yella manushyaru onde
Offensive_Untargetede,Super sir nNijavaglu namma desha tumba hinde ede .n        Edakke namma deshed Rajkiya ne karna.
Offensive_Untargetede,Wowww matte barlebardu ah daridra app
Not_offensive,Yenandru chamayya mestra magaa
not-Kannada,Waiting for Hindi version
not-Kannada,Music director  u r osm
Offensive_Targeted_Insult_Other,Tik tok nan shataaü§£ü§£
Not_offensive,600 ‡≤®‡≥Ü ‡≤≤‡≥à‡≤ï‡≥ç ‡≤®‡≤®‡≥ç‡≤®‡≤¶‡≥á
Not_offensive,Super vice kanree nimdu
Not_offensive,Rs fance like here
Offensive_Targeted_Insult_Individual,@Nandi Parthasarathi ‡≤®‡≤ø‡≤Æ‡≥ç‡≤Æ ‡≤Ö‡≤µ‡≥ç‡≤µ‡≥Å‡≤®‡≥ç ‡≤§‡≥Å‡≤≤‡≥ç‡≤≤‡≤ó‡≥Ü ‡≤π‡≤≥‡≤∏‡≤ø‡≤¶‡≥ç ‡≤π‡≥ã‡≤≥‡≤ø‡≤ó‡≥Ü ‡≤π‡≤æ‡≤ï
Not_offensive,‡≤®‡≤®‡≥ç‡≤® ‡≤Æ‡≤®‡≥Ü‡≤ó‡≥Ü ‡≤¨‡≤Ç‡≤¶‡≤ø‡≤¶‡≥ç‡≤¶ full party ‡≤Æ‡≤æ‡≤°‡≤ø‡≤¶‡≥ç‡≤µ‡≤ø ‡≤á‡≤¶‡≤®‡≥ç‡≤®‡≥Å update ‡≤Æ‡≤æ‡≤°‡≤ø brother
Not_offensive,Super bro nan nimna support maadthini
not-Kannada,@KICCHA DHF n
Not_offensive,All India language madi
Not_offensive,Full movie up load me sir
Not_offensive,Ede tym ge wait madta edhvi antu intu ban age bidtu
Not_offensive,‡≤∞‡≤ï‡≥ç‡≤∑‡≤ø‡≤§‡≥ç ‡≤∂‡≥Ü‡≤ü‡≥ç‡≤ü‡≤ø ‡≤®‡≥Ä‡≤µ‡≥Å ‡≤∏‡≥Ç‡≤™‡≤∞‡≥ç
not-Kannada,Bindu medam miss youuuuuu
not-Kannada,Krishna daliya Krishna Modi ke geet
not-Kannada,BOSS VIDEO SONG MOSTER HIT
Not_offensive,Haudu Swami.Neevu helliddu satthyaa.Gadugin Bharat yemba Grantha baredanthaa Kumarvyaasare aa Narayan santharu.Igalu sahaa naavu Veearanarayan temple nodabahudu.Idu Iruvadhu Gadag city yalli.Hubballi yindaa 55 Km antharadalli Ide.
Not_offensive,Howdu tumba reveal mad bitru
Not_offensive,song na status ‡≤á‡≤ü‡≥ç‡≤ü‡≤ø‡≤∞‡≥ä‡≤∞‡≥Å ‡≤≤‡≥à‡≤ï‡≥ç ‡≤Æ‡≤æ‡≤°‡≥ç‡≤∞‡≤™‡≥ç‡≤™
Offensive_Untargetede,‡≤∏‡≤ï‡≥ç‡≤ï‡≤§‡≥ç‡≤§‡≤æ‡≤ó‡≤ø ‡≤â‡≤ó‡≤ø‡≤§‡≤ø‡≤∞ ‡≤Ö‡≤£‡≥ç‡≤£ ü§Æü§Æü§Æ‡≤¶‡≥ä‡≤°‡≥ç‡≤° ‡≤∏‡≥ç‡≤ü‡≤æ‡≤∞‡≥ç ‡≤•‡≤∞ ‡≤Ö‡≤°‡≤ø‡≤§‡≤µ‡≥á.....  ‡≤•‡≥Å........
Not_offensive,‡≤Ø‡≥Ü‡≤®‡≥ç ‡≤ó‡≥Å‡≤∞‡≥Å ‡≤®‡≤ü‡≤®‡≥Ü ‡≤Ö‡≤§‡≥ç‡≤Ø‡≥Å‡≤§‡≥ç‡≤§‡≤Æ‡≤µ‡≤æ‡≤¶ ‡≤∞‡≤ï‡≥ç‡≤∑‡≤ø ‡≤∂‡≥Ü‡≤ü‡≥ç‡≤ü‡≤ø
Offensive_Targeted_Insult_Individual,Hands up Idu kannada antha ninge helidavatu yaru ü§£ü§£ü§£
Not_offensive,God bless u ashwath Sir nimma harogya chennagirali
Not_offensive,@Vishal Shetty naan avagle helidini.... neen yen baidru
Offensive_Targeted_Insult_Group,‡≤ó‡≥Å‡≤∞‡≥Å ‡≤®‡≤æ‡≤µ‡≥Å ‡≤®‡≤Æ‡≥ç  ‡≤Ö‡≤™‡≥ç‡≤™‡≤®‡≥ç‡≤® ‡≤Ö‡≤™‡≥ç‡≤™  ‡≤Ö‡≤Ç‡≤§‡≥Ä‡≤µ‡≤ø ‡≤¨‡≥á‡≤∞‡≥á‡≤Ø‡≤µ‡≤∞‡≥ç‡≤®‡≤≤‡≥ç‡≤≤ ‡≤à ‡≤¨‡≤°‡≥ç‡≤°‡≤ø‡≤π‡≥à‡≤ï‡≥ç‡≤≥‡≥Å ‡≤é‡≤∑‡≥ç‡≤ü‡≥Å ‡≤ú‡≤®‡≤ï‡≥ç‡≤ï‡≥Ü ‡≤π‡≥Å‡≤ü‡≥ç‡≤ü‡≤µ‡≥ã
Not_offensive,‡≤°‡≤ø ‡≤¨‡≤æ‡≤∏‡≥ç ‡≤Ö‡≤≠‡≤ø‡≤Æ‡≤æ‡≤®‡≤ø‡≤ó‡≤≥‡≤ø‡≤Ç‡≤¶ n‡≤∂‡≥Å‡≤≠ ‡≤Ü‡≤∞‡≥à‡≤ï‡≥Ü
Not_offensive,Guru idu yav movie remake alla sumne gotthilde yak helthira
Not_offensive,Ganesh Bhat -‡≤ï‡≥ç‡≤∞‡≤∑‡≥ç‡≤£ ‡≤®‡≤ø‡≤Æ‡≥ç‡≤Æ ‡≤Æ‡≤®‡≥Ü‡≤ó‡≥Ü ‡≤¨‡≥¶‡≤¶‡≥Å ‡≤Æ‡≤ú‡≥ç‡≤ú‡≤ø‡≤ó‡≥Ü ‡≤ï‡≥Ü‡≤≥‡≤ø‡≤≤‡≥ç‡≤≤‡≤µ‡≤æ?!
Offensive_Untargetede,Remake movie ansthe
Offensive_Targeted_Insult_Individual,@Vishal Shetty ‡≤ì‡≤π‡≥ç ‡≤®‡≥Ä‡≤®‡≥ç ‡≤ó‡≤Ç‡≤°‡≥Å ‡≤°‡≤ó‡≤æ‡≤∞‡≥ç ‡≤ï‡≥Ü‡≤≤‡≤∏ ‡≤Æ‡≤æ‡≤°‡≥ã‡≤¶‡≤æ? ‡≤Ö‡≤¶‡≤ï‡≥ç‡≤ï‡≥Ü ‡≤Ö‡≤∑‡≥ç‡≤ü‡≥ä‡≤Ç‡≤¶‡≥Å ‡≤ñ‡≤∞‡≥ç‡≤ö‡≥Å ‡≤Æ‡≤æ‡≤°‡≥ã‡≤ï‡≥Ü ‡≤¶‡≥Å‡≤°‡≥ç‡≤°‡≥Å ‡≤∏‡≤ø‡≤ó‡≥ã‡≤¶‡≥Å.... ‡≤Ö‡≤¶‡≥ç‡≤∞ ‡≤¨‡≤¶‡≤≤‡≥Å ‡≤ï‡≥Ç‡≤≤‡≤ø ‡≤Æ‡≤æ‡≤°‡≤ø ‡≤§‡≤ø‡≤®‡≥ç‡≤®‡≥ã
Offensive_Targeted_Insult_Individual,@Nandi Parthasarathi gottu Neenu cheeti tulla fan antha change madbeda
Not_offensive,‡≤á‡≤¶‡≥Å ‡≤ö‡≤∞‡≤ø‡≤§‡≥ç‡≤∞‡≥Ü ‡≤∏‡≥É‡≤∑‡≥ç‡≤ü‡≤ø‡≤∏‡≥ä ‡≤Ö‡≤µ‡≤æ‡≤§‡≤∞ ‡≤Ö‡≤µ‡≤®‡≥á ‡≤∂‡≥ç‡≤∞‡≥Ä‡≤Æ‡≤®‡≥ç‡≤®‡≤æ‡≤∞‡≤æ‡≤Ø‡≤£
Not_offensive,Hand up bro.... super agide bro Namma Kannada movie adre sumanena
Not_offensive,Film nalli yellara kelasa chennagide.heroin super aagiddare .super aagi act maadiddarenDuddalli sothiddareno gothilla.kannadigara hrudayadalli film geddide.heroine ge dayAvittu chance kodi
Not_offensive,Super osam music
not-Kannada,@Mithun KUDLA well said bro
Not_offensive,@Vinay Yogeesh yar avnu
Not_offensive,Olle comeback movie prajwal avrge
Offensive_Targeted_Insult_Group,Dislike madid gandu inondsala keli
Offensive_Targeted_Insult_Other,Le hudugira tik tok bidi banni lagori aduma horagde social distance nalli lagori ata tik tok ge tata only for tik tok girls ________
not-Kannada,Super #dboss fans
Not_offensive,Asn jai kannada
Offensive_Targeted_Insult_Individual,@≈î√§v√Æ√±ƒë≈ï√•_02_G√∏Wƒë≈ô√∫ bro first avnge BOSS spelling kaliyol heli odok asayya agutte
Not_offensive,‡≤∏‡≥Ç‡≤™‡≤∞‡≥ç ‡≤§‡≥Ç‡≤ó‡≤∞‡≤ø ‡≤§‡≤ø‡≤™‡≥ç‡≤™
Not_offensive,‡≤ö‡≥Ä‡≤®‡≤æ ‡≤í‡≤Ç‡≤¶‡≥Å ‡≤µ‡≤ø‡≤∑‡≤Ø‡≤ï‡≥ç‡≤ï‡≥Ü ‡≤á‡≤∑‡≥ç‡≤ü ‡≤Ü‡≤ó‡≥Å‡≤§‡≥ç‡≤§‡≥Ü n‡≤è‡≤®‡≥Ü‡≤Ç‡≤¶‡≤∞‡≥Ü
not-Kannada,Fan from Tollywood
Not_offensive,Nan nimm movie na theatre alle nodtini ...
not-Kannada,27 M Views
Not_offensive,Super guru.........ji kannadiga
Not_offensive,‡≤á‡≤¶‡≥Å    ‡≤®‡≤Æ‡≥ç‡≤Æ ‡≤ï‡≤®‡≥ç‡≤®‡≤°
Offensive_Targeted_Insult_Individual,@prithvi nayak  ‡≤®‡≤ø‡≤®‡≥ç ‡≤§‡≥Å‡≤≤‡≥ç‡≤≤‡≥Å‡≤ó‡≥Ü ‡≤®‡≤®‡≥ç ‡≤§‡≥Å‡≤£‡≥ç‡≤£‡≤ø ‡≤á‡≤°‡≥ç‡≤≤‡≤ø
Offensive_Targeted_Insult_Group,@Troll Stupid Fans avre enu heltilla
Not_offensive,Super bro I support u
Offensive_Targeted_Insult_Group,Tik tok mad suli makkalige chppali ach hodri sulimakkaliga and ladies fast chuthu sulimakkalu
Not_offensive,Ha mundalochane matte dooradrusti .....avarahage ide ....
Offensive_Targeted_Insult_Group,Howdu movie Adbhuta..... tumba chennagide..... but ending swalpa disturbing ansatte..... adi and diya ondagiddidre innu chennagirtittu..... Elru tumba chennag act madidare
Not_offensive,@king k 9880823640.....‡≤á‡≤¶‡≥Å ‡≤®‡≤®‡≥ç‡≤® ‡≤´‡≥ã‡≤®‡≥ç ‡≤®‡≤Ç‡≤¨‡≤∞‡≥ç....‡≤®‡≤ø‡≤®‡≥ç‡≤® ‡≤é‡≤≤‡≥ç‡≤≤ ‡≤™‡≥ç‡≤∞‡≤∂‡≥ç‡≤®‡≥Ü‡≤ó‡≤≥‡≤ø‡≤ó‡≥Ü ‡≤â‡≤§‡≥ç‡≤§‡≤∞‡≤ø‡≤∏‡≥Å‡≤µ‡≥Ü
Not_offensive,‡≤Ö‡≤Æ‡≤∞‡≥ç ‡≤Ö‡≤µ‡≤∞‡≥á ads ‡≤§‡≥Å‡≤Ç‡≤¨‡≤æ ‡≤ú‡≤æ‡≤∏‡≥ç‡≤§‡≤ø ‡≤Ü‡≤Ø‡≤ø‡≤§‡≥Å
Not_offensive,Bossu niv greatu
Not_offensive,Sup Shankar nag sir Vishnuvardan
Not_offensive,‡≤á‡≤®‡≥ç‡≤®‡≥Ç ‡≤é‡≤≤‡≥ç‡≤≤‡≥Ü‡≤≤‡≥ç‡≤≤‡≤ø ‡≤ï‡≥á‡≤≥‡≥ç‡≤§‡≤µ‡≥ç‡≤∞‡≥ã.... ‡≤Ö‡≤¶‡≥Ü‡≤≤‡≥ç‡≤≤‡≤æ report ‡≤á‡≤µ‡≤®‡≤ø‡≤ó‡≥Ü ‡≤ï‡≥ä‡≤°‡≥ç‡≤∞‡≥ã... ‡≤Ö‡≤µ‡≤® reasearch ‡≤ó‡≥Ü  help ‡≤Ü‡≤ó‡≥ç‡≤≤‡≤ø
not-Kannada,#1 ON TRENDING
not-Kannada,Who sang this song
not-Kannada,Again and again
Not_offensive,‡≤∏‡≤∞‡≥ç ‡≤®‡≥Ä‡≤µ‡≥Å ‡≤π‡≥á‡≤≥‡≤ø‡≤¶ ‡≤™‡≥ç‡≤∞‡≤§‡≤ø‡≤Ø‡≥ä‡≤Ç‡≤¶‡≥Å ‡≤Æ‡≤æ‡≤§‡≥Ç ‡≤®‡≤ø‡≤ú.‡≤ú‡≥ä‡≤§‡≥Ü‡≤ó‡≥Ü ‡≤á‡≤¶‡≤∞‡≤ø‡≤Ç‡≤¶ ‡≤∏‡≥ç‡≤µ‡≤≤‡≥ç‡≤™‡≤µ‡≤æ‡≤¶‡≤∞‡≥Ç ‡≤ï‡≤≤‡≤ø‡≤§‡≥Å ‡≤ö‡≤ø‡≤ï‡≥ç‡≤ï ‡≤Æ‡≤ü‡≥ç‡≤ü‡≤¶‡≤≤‡≥ç‡≤≤‡≤ø ‡≤¶‡≥á‡≤∂‡≤¶ ‡≤Ö‡≤≠‡≤ø‡≤µ‡≥É‡≤¶‡≥ç‡≤ß‡≤ø‡≤ó‡≥Ü ‡≤™‡≥Ç‡≤∞‡≤ï‡≤µ‡≤æ‡≤¶ ‡≤∂‡≤ø‡≤ï‡≥ç‡≤∑‡≤£ ‡≤Æ‡≤§‡≥ç‡≤§‡≥Å ‡≤â‡≤§‡≥ç‡≤™‡≤æ‡≤¶‡≤®‡≥Ü‡≤Ø ‡≤Æ‡≤æ‡≤∞‡≥ç‡≤ó‡≤¶‡≤≤‡≥ç‡≤≤‡≤ø ‡≤®‡≤°‡≥Ü‡≤Ø‡≤≤‡≥Å ‡≤∂‡≥Å‡≤∞‡≥Å ‡≤Æ‡≤æ‡≤°‡≤≤‡≥á‡≤¨‡≥á‡≤ï‡≤æ‡≤¶ ‡≤ï‡≤æ‡≤≤‡≤µ‡≤ø‡≤¶‡≥Å.‡≤¨‡≤®‡≥ç‡≤®‡≤ø ‡≤ó‡≥ç‡≤∞‡≤æ‡≤Æ‡≥Ä‡≤£ ‡≤í‡≤ï‡≥ç‡≤ï‡≥Ç‡≤ü‡≤µ‡≤æ‡≤¶ ‡≤®‡≤Æ‡≥ç‡≤Æ ‡≤ó‡≥ç‡≤∞‡≤æ‡≤Æ‡≤ó‡≤≥‡≤≤‡≥ç‡≤≤‡≤ø‡≤∞‡≥Å‡≤µ ‡≤Æ‡≥Ç‡≤≤‡≤ó‡≤≥‡≤®‡≥ç‡≤®‡≥á ‡≤â‡≤™‡≤Ø‡≥ã‡≤ó‡≤ø‡≤∏‡≤ø‡≤ï‡≥ä‡≤Ç‡≤°‡≥Å ‡≤®‡≤Æ‡≥ç‡≤Æ ‡≤π‡≤≥‡≥ç‡≤≥‡≤ø‡≤Ø ‡≤ú‡≤®‡≤∞ ‡≤Ö‡≤µ‡≤∂‡≥ç‡≤Ø‡≤ï‡≤§‡≥Ü‡≤ó‡≤≥‡≥ç‡≤® ‡≤®‡≤Æ‡≥ç‡≤Æ ‡≤π‡≤≥‡≥ç‡≤≥‡≤ø‡≤ó‡≤≥‡≤≤‡≥ç‡≤≤‡≤ø‡≤Ø‡≥á ‡≤¶‡≥ä‡≤∞‡≥Ü‡≤Ø‡≥Å‡≤µ ‡≤µ‡≤∏‡≥ç‡≤§‡≥Å‡≤ó‡≤≥‡≤®‡≥ç‡≤®‡≥Å ‡≤¨‡≤≥‡≤∏‡≤ø ‡≤™‡≥Ç‡≤∞‡≥à‡≤∏‡≥Å‡≤µ ‡≤ï‡≥Ü‡≤≤‡≤∏‡≤ï‡≥ç‡≤ï‡≥Ü ‡≤Æ‡≥Å‡≤Ç‡≤¶‡≤æ‡≤ó‡≥ã‡≤£.‡≤á‡≤¶‡≥á ‡≤®‡≤Æ‡≥ç‡≤Æ ‡≤≠‡≤µ‡≥ç‡≤Ø ‡≤¨‡≤≤‡≤ø‡≤∑‡≥ç‡≤† ‡≤≠‡≤æ‡≤∞‡≤§‡≤¶ ‡≤®‡≤ø‡≤∞‡≥ç‡≤Æ‡≤æ‡≤£‡≤ï‡≥ç‡≤ï‡≥Ü ‡≤Æ‡≥ä‡≤¶‡≤≤ ‡≤π‡≥Ü‡≤ú‡≥ç‡≤ú‡≥Ü.
not-Kannada,@HITMAN gaming crt
Not_offensive,‡≤Ö‡≤£‡≥ç‡≤£‡≤® ‡≤Æ‡≥Ç‡≤µ‡≤ø ‡≤§‡≤ø‡≤ï‡≥ç‡≤≤ ‡≤™‡≥ä‡≤∞‡≥ç‡≤ï‡≤ø ‡≤π‡≥Å‡≤ö‡≥ç‡≤ö ‡≤µ‡≥Ü‡≤Ç‡≤ï‡≤ü‡≥ç ‡≤Ü‡≤°‡≤ø‡≤Ø‡≥ã ‡≤≤‡≤æ‡≤Ç‡≤ö‡≥ç ‡≤Æ‡≤æ‡≤∞‡≥ç‡≤∏‡≥ç ‡≤Ö‡≤≤‡≥ç‡≤≤‡≤ø‡≤® ‡≤Ö‡≤•‡≤µ‡≤æ ‡≤®‡≥Ü‡≤™‡≥ç‡≤ü‡≥ç‡≤Ø‡≥Ç‡≤®‡≥ç ‡≤®‡≤≤‡≥ç‡≤≤‡≤ø‡≤®
Not_offensive,‡≤∏‡≤æ‡≤∞‡≥ç ‡≤á‡≤Ç‡≤§‡≤π ‡≤µ‡≥ç‡≤Ø‡≤ï‡≥ç‡≤§‡≤ø‡≤ó‡≤≥‡≥Å ‡≤µ‡≤ø‡≤∂‡≥á‡≤∑ ‡≤§‡≤Æ‡≥ç‡≤Æ ‡≤§‡≤Æ‡≥ç‡≤Æ ‡≤§‡≤Ç‡≤¶‡≥Ü ‡≤§‡≥Å‡≤Ç‡≤¨‡≤æ ‡≤™‡≥ç‡≤∞‡≤æ‡≤Æ‡≤æ‡≤£‡≤ø‡≤ï ‡≤®‡≤ü. ‡≤Ö‡≤µ‡≤∞ ‡≤Ü‡≤§‡≥ç‡≤Æ‡≤ï‡≥ç‡≤ï‡≥Ü ‡≤∂‡≤æ‡≤Ç‡≤§‡≤ø ‡≤∏‡≤ø‡≤ó‡≤≤‡≤ø ‡≤é‡≤Ç‡≤¶‡≥Å ‡≤ï‡≥á‡≤≥‡≥Å‡≤§‡≥ç‡≤§
Not_offensive,Yappa song super guruveü§£
Not_offensive,chindi step chindi bgm superrrr
not-Kannada,Very good song
Not_offensive,‡≤∂‡≤Ç‡≤ï‡≤∞‡≥ç ‡≤Ö‡≤∂‡≥ç‡≤µ‡≤§‡≥ç‡≤•‡≥ç ‡≤Ö‡≤µ‡≤∞‡≥Å bigg boss ‡≤ó‡≥Ü ‡≤¨‡≤∞‡≥ã‡≤¶‡≥Å ‡≤®‡≤ø‡≤ú‡≤æ‡≤®‡≤æ?
Not_offensive,‡≤™‡≥ç‡≤∞‡≤ú‡≥ç‡≤µ‡≤≤‡≥ç ‡≤¶‡≥á‡≤µ‡≤∞‡≤æ‡≤ú‡≥ç sir is  back
Not_offensive,‡≤®‡≤æ‡≤≤‡≥ç‡≤ï‡≥Å ‡≤¶‡≤ø‡≤ï‡≥ç‡≤ï‡≥Å‡≤ó‡≤≥‡≤ø‡≤ó‡≥Ü ‡≤¨‡≥á‡≤ï‡≥Å ‡≤á‡≤µ‡≤®‡≥Å ‡≤¨‡≤Ç‡≤¶‡≥Ç‡≤ï‡≥Å ‡≤π‡≤ø‡≤°‡≤ø‡≤¶ ‡≤Æ‡≤æ‡≤®‡≤µ‡≤®‡≥Å ‡≤Ö‡≤µ‡≤®‡≥á ‡≤∂‡≥ç‡≤∞‡≥Ä‡≤Æ‡≤®‡≥ç‡≤®‡≤æ‡≤∞‡≤æ‡≤Ø‡≤£
not-Kannada,Best movie in 2020
not-Kannada,@Sagar sagar  s u r correct bro..
Not_offensive,‡≤á‡≤¶‡≥Å ‡≤ö‡≤∞‡≤ø‡≤§‡≥ç‡≤∞‡≥Ü ‡≤∏‡≥É‡≤∑‡≥ç‡≤ü‡≤ø‡≤∏‡≥ã ‡≤Ö‡≤µ‡≤§‡≤æ‡≤∞
Not_offensive,@Krishna Tirividi yes support all kannada cinema
not-Kannada,Super bro keep doing bro
Not_offensive,@MADHU S B ‡≤π‡≥å‡≤¶‡≥Å ‡≤ó‡≥Å‡≤∞‡≥Å
Not_offensive,Edhu  charitreh  surishti suva  awatra.....excellent
Offensive_Targeted_Insult_Group,@king k ....‡≤é‡≤≤‡≥ç‡≤≤‡≤æ ‡≤∞‡≤æ‡≤ú‡≤ï‡≤æ‡≤∞‡≤£‡≤ø‡≤ó‡≤≥‡≥Å ‡≤ï‡≤≥‡≥ç‡≤≥‡≤∞‡≥Ü.... ‡≤á‡≤¶‡≥ç‡≤¶‡≥Å‡≤¶‡≤∞‡≤≤‡≥ç‡≤≤‡≤ø ‡≤¨‡≤ø‡≤ú‡≥Ü‡≤™‡≤ø ‡≤Ø‡≤µ‡≤∞‡≥Å ‡≤ï‡≤°‡≤ø‡≤Æ‡≥Ü ‡≤ï‡≤≥‡≥ç‡≤≥‡≤∞‡≥Å....
Not_offensive,@Kiccha Vitthal ‡≤∏‡≥Å‡≤¶‡≥ç‡≤µ‡≤™‡≤ø nxt ‡≤´‡≤ø‡≤≤‡≤Ç ‡≤∞‡≤ø‡≤≤‡≥Ä‡≤∏‡≥ç ‡≤á‡≤®‡≥ç mars
Offensive_Targeted_Insult_Individual,@Nagaraja P neev nodideera antha kelthiyallappa neenu
Not_offensive,Cuz ee film single screens alli thumba kade release aagilla.... multiplexs alli release aagidee...idu ond reason
Not_offensive,Rashmika vaapas baaro haagide
not-Kannada,Togari tippa super story
not-Kannada,Super song
Offensive_Targeted_Insult_Individual,Sir intha cinema madida mele dodda mattadalli prachara madbekittu. nNodi prem avru dabba film madudru hype build-up create madodralli etthida kai.
Offensive_Targeted_Insult_Other,‡≤ï‡≤®‡≥ç‡≤®‡≤° ‡≤ö‡≤ø‡≤§‡≥ç‡≤∞‡≤∞‡≤Ç‡≤ó‡≤¶ ‡≤°‡≤ø‡≤´‡≤∞‡≥Ü‡≤Ç‡≤ü‡≥ç ‡≤π‡≥Å‡≤≤‡≤ø
not-Kannada,Suraj Suraj suuuuper brother
not-Kannada,D boss kaa bro.....
not-Kannada,Super song bro
not-Kannada,I am full happy
Offensive_Targeted_Insult_Group,Hottege anna thinnoru e reethi comment madbardu Naveen raj nimmonthavre star war ge karana plz ella d boss abhimanigalu ivna gadipar madbekagi vinanthi
Not_offensive,‡≤Ø‡≤∂‡≥ç ‡≤¨‡≤æ‡≤∏‡≥ç ‡≤Ö‡≤≠‡≤ø‡≤Æ‡≤æ‡≤®‡≤ø‡≤ó‡≤≥‡≤ø‡≤Ç‡≤¶ All The Best
Not_offensive,Karabu Song Keli....bejar agii .....e song kelthaa edhini....ü§óü§óü§©ü§©ü§©
Offensive_Targeted_Insult_Individual,@Kiccha Vitthal ‡≤®‡≤ø‡≤Æ‡≥ç‡≤Æ ‡≤π‡≥à‡≤µ‡≤æ‡≤®‡≥ç ‡≤´‡≥ç‡≤≤‡≤æ‡≤™‡≥ç
Not_offensive,‡≤á‡≤Ç‡≤• ‡≤í‡≤≥‡≥ç‡≤≥‡≥Ü ‡≤´‡≤ø‡≤≤‡≥ç‡≤Æ‡≥ç ‡≤ó‡≤≥ ‡≤π‡≤æ‡≤µ‡≤≥‡≤ø ‡≤®‡≤Ç‡≤ó‡≥Ü ‡≤ó‡≥ä‡≤§‡≥ç‡≤§‡≤ø‡≤¶‡≥ç‡≤¶ ‡≤Æ‡≤ü‡≥ç‡≤ü‡≤ø‡≤ó‡≥Ü ‡≤≤‡≥Ç‡≤∏‡≤ø‡≤Ø‡≤æ
Not_offensive,Nice sir rakshit shettya
Offensive_Untargetede,@Prithvi Vishwanath nle D boos bagi matadaku ugyote bekale.... dam bekale.... Kuri shetra ascar nominasahan filam gota? takat idre ond icy haatika filam tegiro nodana? joi d boos
Offensive_Targeted_Insult_Individual,Lo Nan magne
Not_offensive,‡≤∏‡≥Ç‡≤™‡≤∞‡≥ç .. ‡≤§‡≥Å‡≤Ç‡≤¨‡≤æ ‡≤ö‡≥Ü‡≤®‡≥ç‡≤®‡≤æ‡≤ó‡≤ø‡≤¶‡≥Ü ..
Not_offensive,‡≤∞‡≤ï‡≥ç‡≤∑‡≤ø‡≤§‡≥ç ‡≤∂‡≥Ü‡≤ü‡≥ç‡≤ü‡≤ø ‡≤∏‡≤ø‡≤®‡≤ø‡≤Æ‡≤æ ‡≤π‡≤æ‡≤ó‡≥Ç ‡≤π‡≤æ‡≤°‡≥Å  ‡≤í‡≤Ç‡≤¶‡≥á  ‡≤∞‡≥Ä‡≤§‡≤ø ‡≤í‡≤Æ‡≥ç‡≤Æ‡≥Ü ‡≤®‡≥ã‡≤°‡≤ø‡≤¶‡≤∞‡≥Ü  ‡≤Ö‡≤∞‡≥ç‡≤•  ‡≤Ü‡≤ó‡≤≤‡≥ç‡≤≤ ‡≤Æ‡≤§‡≥ç‡≤§‡≥ä‡≤Æ‡≥ç‡≤Æ‡≥Ü  ‡≤®‡≥ã‡≤°‡≤ø‡≤¶‡≤∞‡≥Ü ‡≤Æ‡≤æ‡≤§‡≥ç‡≤∞ ‡≤ï‡≤®‡≥Ü‡≤ï‡≥ç‡≤ü‡≥ç  ‡≤Ü‡≤ó‡≥Å‡≤§‡≥ç‡≤§‡≥Ü  ‡≤é‡≤Ç‡≤¶‡≥Å ‡≤Æ‡≤§‡≥ç‡≤§‡≥ä‡≤Æ‡≥ç‡≤Æ‡≥Ü ‡≤ï‡≥á‡≤≥‡≥Å‡≤µ‡≤µ‡≤∞‡≥Å  ‡≤π‡≤æ‡≤ó‡≥Ç ‡≤®‡≥ã‡≤°‡≥Å‡≤µ‡≤µ‡≤∞‡≥Å  ‡≤≤‡≥à‡≤ï‡≥ç ‡≤Æ‡≤æ‡≤°‡≤ø
Offensive_Targeted_Insult_Individual,Eetharau gandu questions yake keltairudo
Not_offensive,Yeshto dinagal nantra sanchari vinay avranna nodi kushi aithu
Offensive_Targeted_Insult_Group,Nonsense's who all r dislike dis video....
Offensive_Targeted_Insult_Individual,Reginald Kelly kithkabeku bandu edthine nandu
not-Kannada,Ultimate bro nice msg
Not_offensive,Hundred persent true guruuu
Not_offensive,Idu charitre srushtiso avatara nice
Not_offensive,Avane srimannarayana super songs hands up
not-Kannada,Yes true guru
not-Kannada,jai d boss
Not_offensive,Crazy Song one more dance number............nSonge ee rangege ide andre innu movie kelbeka......
Offensive_Untargetede,miss ella madkololla bidi i can downlode in teligram or  swalpa dena odre tv nalle bharuthe
Offensive_Targeted_Insult_Individual,@VARAPRASAD K K hawdo nin Amman gaandu dagaar fans avna yogyathe hendthi kayi murdu jail ge hogi petty thing ubsa jaasti aagi ashtottige saarati Andre Lion King movie remake release maadkottiddu nam kiccha  eega helu hendthi hodidu jail ge hodonu balegaarana jail olage idda kaami paravaagi film release maadkottinu balegaarana utra kodo nayi adukje helodu avnanna dagaar soolenagan antha nin Amma haaku steppu Alla thika muchkond
Not_offensive,nim songs super
Offensive_Targeted_Insult_Individual,Rashmika urakondu sayabeku atara belibeku bro nivu
Not_offensive,Kannada industry na promote MadinKannada industry namma Karunada samskruthi na uttungakke erisali..adanna bittu Bollywood cinemagalige yake compare madbeku?!nAvara Tara agabeku anno ase bidi..Bollywood namma industry nodi Kaliyo hage madabekunAdikke nammellare support beku
Not_offensive,‡≤¨‡≥ç‡≤∞‡≥ã ‡≤≤‡≥à‡≤ï‡≥ç appa ‡≤¨‡≥ç‡≤Ø‡≤æ‡≤®‡≥ç ‡≤Ü‡≤ó‡≤ø‡≤≤‡≥ç‡≤≤ ‡≤Ø‡≤æ‡≤µ‡≤æ‡≤ó ‡≤Ü‡≤ó‡≥Å‡≤§‡≥ç‡≤§‡≥Ü
Offensive_Targeted_Insult_Individual,Saku thika muchu shoki nan magne
not-Kannada,In udupi sir
Not_offensive,Villan is khadak
Not_offensive,Thank you so much bro pakru
not-Kannada,My dream IPS
Not_offensive,Super guru
Not_offensive,Basavaraj Marennavar bangaradamanususya
Not_offensive,‡≤∞‡≤ï‡≥ç‡≤∑‡≤ø‡≤§‡≥ç ‡≤∂‡≥Ü‡≤ü‡≥ç‡≤ü‡≤ø ‡≤∏‡≤∞‡≥ç ‡≤∏‡≥Ç‡≤™‡≤∞‡≥ç ‡≤∏‡≤æ‡≤Ç‡≤ó‡≥ç
not-Kannada,Karna is back
Not_offensive,‡≤∏‡≥Ç‡≤™‡≤∞‡≥ç ‡≤∏‡≥Ç‡≤™‡≤∞‡≥ç ‡≤∏‡≥Ç‡≤™‡≤∞‡≥ç ‡≤∏‡≥Ç‡≤™‡≤∞‡≥ç ‡≤∏‡≥Ç‡≤™‡≤∞‡≥ç ‡≤∏‡≥Ç‡≤™‡≤∞‡≥ç ‡≤∏‡≥Ç‡≤™‡≤∞‡≥ç ‡≤ó‡≥Å‡≤∞‡≥Å
Not_offensive,Bigbossalli  step hakiro controverrsy nodi bandiror yar yarppann like Madi
Not_offensive,Sundaravada Kate super
Not_offensive,E song first time yarig tilidila avr like madi
not-Kannada,Anjali Devi I like
Not_offensive,ABHINAYA CHAKRAVARTHI KICCHA SUDEEP FANS Like HERE
Offensive_Targeted_Insult_Group,Bari prayojanake barada films nododu Facebook YouTube li comments hodiyodu...yaavalo hudugi siktale anta instagram li search madodo ede Indians hanebaraha dhesha uddara hada hage ayyo
Not_offensive,Idu charitre srustiso avatara super sir
not-Kannada,Kgf 2
Offensive_Targeted_Insult_Individual,@TROLL MONSTER_KANNADA ‡≤Ø‡≤æ‡≤µ‡≥ç‡≤¶‡≥ã ‡≤≤‡≥ã‡≤ï‡≤≤‡≥ç ‡≤é‡≤£‡≥ç‡≤£‡≥Ü ‡≤ï‡≥Å‡≤°‡≤ø‡≤¶‡≥Å
not-Kannada,umesh karigar Inc
Not_offensive,‡≤®‡≤æ ‡≤ï‡≤Ç‡≤° ‡≤∏‡≥ç‡≤µ‡≤æ‡≤≠‡≤ø‡≤Æ‡≤æ‡≤®‡≤ø
Not_offensive,‡≤∏‡≥Ç‡≤™‡≤∞‡≥ç ‡≤ó‡≥Å‡≤∞‡≥Ç ‡≤Ø‡≥Ü‡≤®‡≥ç  ‡≤∏‡≥ç‡≤µ‡≤∞ ‡≤ó‡≥Å‡≤∞‡≥Ç ‡≤®‡≤ø‡≤Ç‡≤¶‡≥Å   Iam u r big fan  ur thinking  bro
not-Kannada,@Shiva Prasad yes bro
Not_offensive,Super movie yaa......
not-Kannada,Is movie available in hindi dubbed?
Offensive_Targeted_Insult_Individual,@Sanjeev Kumar dabba nan maga rakshith shetty
Not_offensive,@poojitha subbaiah Hai ennane ullira
Offensive_Targeted_Insult_Group,Tik tok uninstall madde irovrna china ge odsbeku bro
Not_offensive,Super bro nim matalli satya ide
Not_offensive,China apps yallu remove madbeku sir  Nev innu strongag warning kodbeku sir
not-Kannada,Anjali Devi hi
Not_offensive,Idu beku ivatthu full happy agidivi bro  osm
not-Kannada,AwesomenJai kichcha ü§©
Offensive_Targeted_Insult_Individual,@prkash g bandre ‡≤π‡≥á‡≤≥‡≥ç‡≤§‡≥Ä‡≤®‡≤ø ‡≤ó‡≥Å‡≤∞‡≥Å ‡≤®‡≤ø‡≤Ç‡≤ó‡≥Ü
Not_offensive,Prajakeeya barle beku
Not_offensive,Chindhi udayisidhya guru..... So I am happy.....
Not_offensive,@jagadish g dambal ü§®ü§ól
not-Kannada,All di best for D Boss fans
not-Kannada,Super sir true..
Not_offensive,‡≤ï‡≤∞‡≥ç‡≤®‡≤æ‡≤ü‡≤ï ‡≤¨‡≤ø‡≤ü‡≥ç‡≤ü‡≥Å ‡≤¨‡≥á‡≤∞‡≥Ü ‡≤ï‡≤°‡≥á ‡≤™‡≥ç‡≤∞‡≥ä‡≤Æ‡≥ã‡≤∑‡≤®‡≥ç ‡≤Æ‡≤æ‡≤°‡≤∞‡≤™‡≥ç‡≤™ ‡≤∏‡≥Å‡≤Æ‡≥ç‡≤®‡≥Ü ‡≤á‡≤Ç‡≤§ movie ‡≤®‡≤æ ‡≤π‡≤æ‡≤≥ ‡≤Æ‡≤æ‡≤°‡≥ç‡≤¨‡≥á‡≤°‡≤ø
not-Kannada,Super boos jai d boss
Not_offensive,‡≤ö‡≤Ç‡≤¶‡≤®‡≥ç ‡≤∂‡≥Ü‡≤ü‡≥ç‡≤ü‡≤ø ‡≤ü‡≥ç‡≤∞‡≥ä‡≤≤‡≥ç ‡≤µ‡≤ø‡≤°‡≤ø‡≤Ø‡≥ã ‡≤®‡≥Ä‡≤µ‡≥Å ‡≤®‡≥ã‡≤°‡≤ø ‡≤®‡≥Ü‡≤ó‡≤°‡≥ç‡≤°‡≥Ü ‡≤á‡≤¶‡≥ç‡≤∞‡≥Ü ‡≤®‡≤æ‡≤µ‡≥ç ‡≤ó‡≥ç‡≤Ø‡≤æ‡≤∞‡≤Ç‡≤ü‡≤ø
not-Kannada,Super song vaiting for movie
Not_offensive,‡≤∏‡≥Ç‡≤™‡≤∞‡≥ç ‡≤Ü‡≤ó‡≤ø ‡≤¨‡≤Ç‡≤¶‡≤ø‡≤¶‡≥Ü ‡≤®‡≤ø‡≤Æ‡≥ç‡≤Æ ‡≤ü‡≥ç‡≤∞‡≥à‡≤≤‡≤∞‡≥ç ‡≤à ‡≤´‡≤ø‡≤≤‡≤Ç ‡≤®‡≤ø‡≤Æ‡≥ç‡≤Æ ‡≤≤‡≥à‡≤´‡≥ç ‡≤Ö‡≤®‡≥ç‡≤®‡≥Å ‡≤ö‡≥á‡≤Ç‡≤ú‡≥ç ‡≤Æ‡≤æ‡≤°‡≤≤‡≤ø ‡≤™‡≥ç‡≤∞‡≤ú‡≥ç‡≤µ‡≤≤‡≥ç ‡≤Ö‡≤µ‡≤∞‡≥á ‡≤ï‡≥Ü‡≤≤‡≤µ‡≤∞‡≤ø‡≤∞‡≥Å‡≤§‡≥ç‡≤§‡≤æ‡≤∞‡≥Ü ‡≤Ö‡≤µ‡≤∞ ‡≤≤‡≥à‡≤´‡≤≤‡≥ç‡≤≤‡≤ø ‡≤è‡≤®‡≥Ç ‡≤Æ‡≤æ‡≤°‡≤≤‡≤ø‡≤ï‡≥ç‡≤ï‡≥Ü ‡≤Ü‡≤ó‡≤≤‡≥ç‡≤≤ ‡≤á‡≤®‡≥ç‡≤®‡≥ä‡≤¨‡≥ç‡≤¨‡≤∞ ‡≤¨‡≤ó‡≥ç‡≤ó‡≥Ü ‡≤Æ‡≤æ‡≤§‡≤®‡≤æ‡≤°‡≥Å‡≤§‡≥ç‡≤§‡≤æ‡≤∞‡≥Ü ‡≤Ö‡≤Ç‡≤§ ‡≤∞‡≤ø‡≤ó‡≥Ü ‡≤®‡≥Ä‡≤µ‡≥Å ‡≤è‡≤®‡≥Å ‡≤π‡≥á‡≤≥‡≤ø‡≤¶‡≤∞‡≥Ç ‡≤™‡≥ç‡≤∞‡≤Ø‡≥ã‡≤ú‡≤® ‡≤á‡≤≤‡≥ç‡≤≤ ‡≤®‡≤ø‡≤Æ‡≥ç‡≤Æ ‡≤à ‡≤´‡≤ø‡≤≤‡≥ç‡≤Æ‡≥ç ‡≤Ø‡≤∂‡≤∏‡≥ç‡≤∏‡≥Å ‡≤ï‡≤æ‡≤£‡≤≤‡≤ø ‡≤ú‡≥à ‡≤ï‡≤∞‡≥ç‡≤®‡≤æ‡≤ü‡≤ï
Not_offensive,Re realise maadenName change maade
not-Kannada,Super  sar
Not_offensive,Sir yella song video clips release maadi
Not_offensive,Rakshi shetty fans yar edera like made
Not_offensive,Jana gali modlu Mitron Indian app bandide adanna use madbeku chaina app na modlu delete  mad beku.
not-Kannada,I like good job
Not_offensive,Thankz brother  ‡≤Ö‡≤µ‡≤≥‡≥Å ‡≤è‡≤®‡≤æ‡≤¶‡≥ç‡≤∞‡≥Å ‡≤§‡≤™‡≥ç‡≤™‡≥Å ‡≤Æ‡≤æ‡≤°‡≤ø‡≤¶‡≥ç‡≤≤‡≥Å ‡≤Ö‡≤Ç‡≤¶‡≤æ‡≤ó ‡≤¨‡≤Ø ‡≤™‡≤°‡≤ø‡≤∏‡≥ã‡≤£ ‡≤∏‡≥Å‡≤Æ‡≥ç ‡≤∏‡≥Å‡≤Æ‡≥ç‡≤®‡≥Ü ‡≤¨‡≥á‡≤° ‡≤Ö‡≤≤‡≥ç‡≤µ‡≤æ
Not_offensive,Jai Rakshit Shetty
not-Kannada,I like is song..
Offensive_Targeted_Insult_Individual,@Bharathraj T B kitkobekaste ninu bandi nandu
not-Kannada,@MUKESH G yes
Not_offensive,‡≤ö‡≤Ç‡≤¶‡≤®‡≥ç ‡≤∂‡≥Ü‡≤ü‡≥ç‡≤ü‡≤ø ‡≤ü‡≥ç‡≤∞‡≥ä‡≤≤‡≥ç ‡≤µ‡≤ø‡≤°‡≤ø‡≤Ø‡≥ã ‡≤®‡≥Ä‡≤µ‡≥Å ‡≤®‡≥ã‡≤°‡≤ø ‡≤®‡≥Ü‡≤ó‡≤°‡≥ç‡≤°‡≥Ü ‡≤á‡≤¶‡≥ç‡≤∞‡≥Ü ‡≤®‡≤æ‡≤µ‡≥ç ‡≤ó‡≥ç‡≤Ø‡≤æ‡≤∞‡≤Ç‡≤ü‡≤ø
Not_offensive,Diya na Rakshit shetti  na belsona
Offensive_Untargetede,Maadhari manushya
Offensive_Targeted_Insult_Group,Super song .......But movie realise agi 1 week adamele bidabekithu.......
Offensive_Untargetede,urkolli nodi avrella
Not_offensive,Aadk guru nan nimana gurugalu anodu
Not_offensive,@Unity of India ...‡≤Ö‡≤Ç‡≤§‡≤∞‡≥ç ‡≤ú‡≤æ‡≤§‡≤ø ‡≤µ‡≤ø‡≤µ‡≤æ‡≤π‡≤ï‡≥ç‡≤ï‡≥Å...... ‡≤ú‡≤æ‡≤§‡≤ø ‡≤µ‡≥ç‡≤Ø‡≤µ‡≤∏‡≥ç‡≤•‡≥Ü‡≤ó‡≥Ç......‡≤¶‡≥á‡≤∂ ‡≤â‡≤¶‡≥ç‡≤¶‡≤æ‡≤∞‡≤ï‡≥ç‡≤ï‡≥Ç ‡≤∏‡≤Ç‡≤¨‡≤Ç‡≤ß‡≤µ‡≤ø‡≤≤‡≥ç‡≤≤......
Not_offensive,Nooru kaala Kannada hege hosaa shasanagallanu shrustisabeku
not-Kannada,@Darshan H R no way bro
Offensive_Untargetede,‡≤≠‡≤æ‡≤∞‡≤§‡≤¶‡≤≤‡≥ç‡≤≤‡≤ø ‡≤¨‡≤∞‡≤ø ‡≤∞‡≤æ‡≤ú‡≤ï‡≤æ‡≤∞‡≤£ ‡≤Æ‡≤§‡≥ç‡≤§‡≥Å ‡≤§‡≤Æ‡≥ç‡≤Æ  ‡≤Æ‡≤ï‡≥ç‡≤ï‡≤≥  ‡≤∞‡≤æ‡≤ú‡≤ï‡≥Ä‡≤Ø ‡≤™‡≥ç‡≤∞‡≤µ‡≥á‡≤∂ ‡≤Æ‡≤§‡≥ç‡≤§‡≥Å ‡≤π‡≤£ ‡≤Æ‡≤æ‡≤°‡≥Å ‡≤∞‡≥Ä‡≤§‡≤ø ‡≤Ø‡≤æ‡≤µ ‡≤ï‡≤æ‡≤Ø‡≥Ä‡≤≤‡≥á ‡≤¨‡≤Ç‡≤¶‡≥ç‡≤∞‡≥á ‡≤™‡≥ç‡≤∞‡≤µ‡≤æ‡≤π ‡≤Ü‡≤¶‡≤∞‡≥Ü ‡≤é‡≤∑‡≥ç‡≤ü‡≥ä ‡≤π‡≤£ ‡≤¨‡≤∞‡≥Å‡≤§‡≥ç‡≤§‡≥Ü ‡≤Æ‡≤§‡≥ç‡≤§‡≥Ån‡≤Ø‡≤æ‡≤µ ‡≤∞‡≥Ä‡≤§‡≤ø ‡≤¨‡≤∞‡≥Å‡≤§‡≥ç‡≤§‡≥Ü ‡≤ï‡≥Ç‡≤≥‡≥ç‡≤≥‡≥á ‡≤π‡≥ä‡≤°‡≥Ü‡≤¶‡≥Å ‡≤Ø‡≤æ‡≤µ ‡≤ú‡≤æ‡≤ó‡≤¶‡≤≤‡≥ç‡≤≤‡≤ø  ‡≤á‡≤¶‡≤∞ ‡≤¨‡≤ó‡≥ç‡≤ó‡≥á ‡≤Ø‡≥ã‡≤ö‡≤®‡≥Ü
Not_offensive,Power Star fans like madi
Not_offensive,Nam boss andree kadmenaa guru
Not_offensive,Namm department nalli clark kaali adaaw yaradru candidates edry hyli n9901919091 WhatsApp msg maadriii
Offensive_Targeted_Insult_Group,Amar prasaad sir nam deshadalli chaina kinta  talehidukaru jassti edare gotta nam desha en kammi ella eslamikarana maadodaralli chaina kinta kammi ella nam deshadalli jana nammanna aa devastanakke sersilla ee devastanakke serlilla annoru chaina kinta kammi ella 100 ralli 35 % marks tagondru avrige meesalatiyalli kelsa tagolloru en chaina kinta kammi ella.nodona  chainadalli estodu savalattu torsi nodona.
Not_offensive,Bucket hidiyor ü§≠
Offensive_Targeted_Insult_Group,‡≤∏‡≥Å‡≤™‡≤∞‡≥ç ‡≤Æ‡≤ö‡≥ç‡≤ö‡≥ç ‡≤ï‡≤°‡≤ö ‡≤ö‡≥Ä‡≤®‡≤æ ‡≤∞‡≤Ç‡≤°‡≤ø‡≤Æ‡≤ï‡≥ç‡≤ï‡≤≥‡≤ø‡≤ó‡≥Ü ‡≤§‡≤ï‡≥ç‡≤ï ‡≤µ‡≥Ä‡≤°‡≥Ä‡≤Ø‡≥ã  ....‡≤ú‡≥à ‡≤π‡≤ø‡≤Ç‡≤¶‡≥ç
Offensive_Targeted_Insult_Individual,@Avinashdada kichcha sari bidu nimamman kalsu keydu ningobba chik balegaran hutsi kalsthivi avnu nim bale serskondu ella ottige Kai thattivranthe signal alli enanthira bale pans now bale pans reaction hakro steppu
not-Kannada,Different star rakshit sir
Not_offensive,‡≤∂‡≥Å‡≤≠‡≤µ‡≤æ‡≤ó‡≤≤‡≤ø ‡≤Ö‡≤µ‡≤®‡≥á ‡≤∂‡≥ç‡≤∞‡≥Ä‡≤Æ‡≤®‡≥ç‡≤®‡≤æ‡≤∞‡≤æ‡≤Ø‡≤£‡≤®‡≤ø‡≤ó‡≥Ü
Not_offensive,‡≤®‡≤æ‡≤®‡≥Å ‡≤Ö‡≤µ‡≤∞ ‡≤´‡≥ç‡≤Ø‡≤æ‡≤®‡≥ç
Not_offensive,‡≤Ü‡≤∂‡≤ø‡≤ï ‡≤∏‡≥Å‡≤Æ‡≥ç‡≤®‡≥Ü ‡≤®‡≥Ä‡≤µ‡≥á ‡≤Æ‡≤¶‡≥Å‡≤µ‡≥Ü ‡≤Ü‡≤ó‡≤ø ‡≤∞‡≤ï‡≥ç‡≤∑‡≤ø‡≤§‡≥ç ‡≤∂‡≥Ü‡≤ü‡≥ç‡≤ü‡≤ø ‡≤Ö‡≤µ‡≤∞‡≤ø‡≤ó‡≥Ü .... ‡≤ú‡≥ã‡≤°‡≤ø ‡≤§‡≥Å‡≤Ç‡≤¨‡≤æ ‡≤ö‡≥Ü‡≤®‡≥ç‡≤®‡≤æ‡≤ó‡≤ø‡≤∞‡≥Å‡≤§‡≥ç‡≤§‡≥Ü....nnIn beauty you >>>>>>>>>>‚Ä¢‚Ä¢‚Ä¢‚Ä¢ Rashmika
not-Kannada,Super sir iam like this video awesome
Not_offensive,Super guru Ella record break made madtira guru nivu i love sir
Offensive_Targeted_Insult_Individual,@Nandi Parthasarathi hogo sede gayash gojjekesari released in nayimari tunne
Not_offensive,Super song guru
Not_offensive,Bari hemme alla Praana itkondivi  nam Kannadada mele.
not-Kannada,Nice bro
Not_offensive,Nija guru ..... Aa takattu nam industry Alli yargu Ella....
Not_offensive,Chindi... Song
Not_offensive,‡≤í‡≤°‡≥Ü‡≤Ø ‡≤®‡≤ø‡≤Æ‡≥ç‡≤Æ ‡≤™‡≥ç‡≤∞‡≥Ä‡≤§‡≤ø‡≤Ø ‡≤¶‡≤æ‡≤∏ ‡≤Æ‡≤§‡≥ç‡≤§‡≥Å ‡≤Ø‡≤∂‡≥ç ‡≤Ö‡≤≠‡≤ø‡≤Æ‡≤æ‡≤®‡≤ø‡≤ó‡≤≥ ‡≤ï‡≤°‡≥Ü‡≤Ø‡≤ø‡≤Ç‡≤¶ ‡≤í‡≤≥‡≥ç‡≤≥‡≥Ü‡≤¶‡≤æ‡≤ó‡≤≤‡≤ø  ‡≤ú‡≥à ‡≤ï‡≤®‡≥ç‡≤®‡≤°  ‡≤∏‡≤ø‡≤®‡≤ø‡≤Æ‡≤æ
Not_offensive,‡≤ó‡≥Ü‡≤¶‡≥ç‡≤¶‡≥á ‡≤ó‡≥Ü‡≤≤‡≥ç‡≤≤‡≥Å‡≤µ‡≥Ü ‡≤í‡≤Ç‡≤¶‡≥Å ‡≤¶‡≤ø‡≤® ‡≤ó‡≥Ü‡≤≤‡≥ç‡≤≤‡≤≤‡≥á ‡≤¨‡≥á‡≤ï‡≥Å ‡≤®‡≤ø‡≤Æ‡≥ç‡≤Æ ‡≤í‡≤≥‡≥ç‡≤≥‡≥Ü‡≤Ø ‡≤§‡≤®
Not_offensive,Still trending No1...nAfter 4days....
not-Kannada,Finally prime minister modi did it
Offensive_Targeted_Insult_Group,Corona hesralli hospital nalli nadeethiro dandhe bagge vivarisi.... Viruss bandu manushyaru saaythaaro ilvo gotthilla aadre hospital bill keli manushya badhukodu kastavaagidhe.
Offensive_Targeted_Insult_Group,Disliked people's listn1)rashmikan2)rashmika's mothern3)rashmika's fathern4)rashmika's relativesn5)& rashmika's fans.
not-Kannada,Ennik kerala istam love from mangalore
Offensive_Targeted_Insult_Group,‡≤∏‡≤§‡≥ç‡≤Ø‡≤ï‡≥ç‡≤ï‡≥Ü ‡≤¶‡≥Ç‡≤∞‡≤µ‡≤æ‡≤¶ ‡≤µ‡≤ø‡≤ö‡≤æ‡≤∞ . ‡≤Ø‡≤æ‡≤ï‡≥Ü ‡≤∏‡≥Å‡≤≥‡≥ç‡≤≥‡≥Å ‡≤π‡≥á‡≤≥‡≥Å‡≤§‡≥ç‡≤§‡≤æ‡≤∞‡≤ø
Offensive_Targeted_Insult_Group,Worst movie. artane illa. 1 concept kuda illa.
Not_offensive,Trailer ‡≤§‡≥Å‡≤Ç‡≤¨‡≤æ‡≤®‡≥á ‡≤ö‡≥Ü‡≤®‡≥ç‡≤®‡≤æ‡≤ó‡≤ø‡≤¶‡≥Ü
Not_offensive,2.7k rashmika fans
Not_offensive,Pakk film sound madee  madutte annoruu like madii..
Offensive_Targeted_Insult_Individual,yarappa ee hadannu dislike madiddu !!! mostly Rashmika 1.1k sarthi dislike maadirbeku ha ha ha ha
not-Kannada,Exhalant movie
Offensive_Targeted_Insult_Individual,@Gajendra hv ayyo bewarsi
Not_offensive,Wet madbeku allwaü•∞
Not_offensive,Kannadada chanukya namma rakshit shetty bro na yochanegalu...... Dislike madiroru rashmika fans irbeku ......
not-Kannada,Rama rama tusu daksha jaripa‚Äç
Not_offensive,100 million song idu
Not_offensive,Super creative kannadiga
Not_offensive,Namma Rajyada young entrepreneur ge support maadi.
not-Kannada,Superb movie sir.... awesome
not-Kannada,Vere level  thinking sir
Not_offensive,What a making ü§≠ü§≠ü§≠ suppppperrrrr rakshith Shetty bro...ur a genius...Nam kannada indestry and kannadigru yargu yavdhrallu kadme Ella.. hatsup sir
Not_offensive,‡≤ñ‡≤Ç‡≤°‡≤ø‡≤§ ‡≤Æ‡≤æ‡≤°‡≥ç‡≤§‡≤ø‡≤®‡≤ø bro
not-Kannada,Hahaha super bro
Not_offensive,Nama village ge bandidru
Not_offensive,‡≤ö‡≥à‡≤®‡≤æ ‡≤ü‡≤ø‡≤ï‡≥ç ‡≤ü‡≤æ‡≤ï‡≥ç ‡≤Ø‡≥Ç‡≤∏‡≥ç ‡≤Æ‡≤æ‡≤°‡≥ç‡≤ï‡≥ä‡≤Ç‡≤°‡≥Å ‡≤ö‡≥à‡≤®‡≤æ ‡≤¨‡≤ó‡≥ç‡≤ó‡≥Ü
not-Kannada,I am from Andhra Pradesh
Not_offensive,‡≤∏‡≥Å‡≤™‡≤∞‡≥ç ‡≤á‡≤ü‡≥ç ‡≤∏‡≤æ‡≤Ç‡≤ó‡≥ç ‡≤°‡≤ø ‡≤¨‡≤æ‡≤∏‡≥ç ‡≤Ü‡≤ó‡≤≤‡≥á ‡≤¨‡≥á‡≤ï‡≤ø‡≤§‡≥ç‡≤§‡≥Å ‡≤∏‡≥Ç‡≤™‡≤∞‡≥ç ‡≤∞‡≤ï‡≥ç‡≤∑‡≤ø‡≤§‡≥ç ‡≤∂‡≥Ü‡≤ü‡≥ç‡≤ü‡≤ø
not-Kannada,Why does it sound like 'swag se karenge sab ka swagat'? Otherwise it's awesome
not-Kannada,Super duper song ASN
Not_offensive,Nanu kuda direction course kalita iddene...nimma e mail I'd idre send Madi bro...nanu ondu script bardiddene... Trying hard make film ....
Offensive_Targeted_Insult_Individual,Ninige bere kelsa ilvaa madoke
not-Kannada,‡¥Æ‡¥≤‡¥Ø‡¥æ‡¥≥‡µÄ‡¥∏‡µç ‡¥π‡¥æ‡µª‡¥°‡µç‚Äå‡¥∏‡µç ‡¥Ö‡¥™‡µç‡¥™‡µç‚Äå
Not_offensive,‡≤¶‡≤∞‡≥ç‡≤∂‡≤®‡≥ç ‡≤Ö‡≤≠‡≤ø‡≤Æ‡≤æ‡≤®‡≤ø‡≤ó‡≤≥ ‡≤ï‡≤°‡≥Ü‡≤Ø‡≤ø‡≤Ç‡≤¶ ‡≤Ü‡≤≤‡≥ç ‡≤¶ ‡≤¨‡≥Ü‡≤∏‡≥ç‡≤ü‡≥ç ‡≤Ü‡≤≤‡≥ç ‡≤¶ ‡≤¨‡≥Ü‡≤∏‡≥ç‡≤ü‡≥ç
Offensive_Targeted_Insult_Group,‡≤ï‡≤•‡≥Ü‡≤Ø‡≤≤‡≥ç‡≤≤‡≤ø ‡≤¶‡≤Æ‡≥ç ‡≤á‡≤≤‡≥ç‡≤≤